#,ID,Continent,Continent_detail,N_SNP,SNP,Full year ,Date mean in BP,Lat.,Long.,As_Ru_3K_0.9K_BCE,As_Ru_5.8K_3.6K_BCE,As_Ru_37.4K_3K_BCE,As_Ru_E_0.1K_1.4K_CE,C_Af_6K_1K_BCE,C_NW_As_2.2K_1.6K_BCE,C_N_As_BCE,C_N_As_CE,E_Af_2.5KBCE_1.6KCE,E_As_6KBCE_0.25KCE,E_C_Eu_6K_2K_BCE,E_Eu_9K_3K_BCE,E_Eu_CE,E_Eu_Po_3K_2.3K_BCE,M_Am_0.6K_1.7K_CE,M_Am_Cuba_1.4KBCE_1.3KCE,NN_Am_1K_2.0K_CE,N_Am_11.5KBCE_1.2KCE,N_Eu_0.7K_1.7K_CE,Oceania_1KBCE_2KCE,SE_As_6KBCE_0.8KCE,SN_Am_3.5KBCE_1.5KCE,SW_As_8K_1.1K_BCE,SW_C_As_9K_0.8K_BCE,S_Am_CE,S_Eu_5.4K_1K_BCE,S_Eu_16K_5K_BCE,S_Eu_CE,S_M_Am_10K_1.5K_BCE,W_Eu_5.5K_2.5K_BCE,W_Eu_30K_5K_BCE,W_Eu_38K_BCE,W_Eu_CE,W_Eu_GB_4K_2.5K_BCE
11381,car004-ALL_DATA.SG,Europe,West Europe,3699,<4K,"3638-3386 calBCE (4770¡À30 BP, Beta-468275)",5517,54.251,-8.519,0.00001,0.00001,0.000806,0.00001,0.014664,0.005151,0.00001,0.00001,0.00001,0.00001,0.00001,0.00001,0.00001,0.00001,0.00001,0.049378,0.00001,0.003685,0.00001,0.027138,0.00001,0.00001,0.00001,0.00001,0.00001,0.00001,0.00001,0.00001,0.00001,0.851318,0.038626,0.00001,0.00001,0.00001
10685,vik_bns023.SG,Europe,North Europe,3798,<4K,900-1200 CE,900,59.61731,17.72361,0.00001,0.056899,0.00001,0.00001,0.00001,0.00001,0.00001,0.00001,0.002732,0.00001,0.070226,0.029185,0.00001,0.00001,0.00001,0.00001,0.00001,0.032745,0.475664,0.00001,0.00001,0.00001,0.00001,0.00001,0.00001,0.071438,0.071076,0.00001,0.015046,0.028126,0.00001,0.00001,0.146615,0.00001
4106,Bon005.SG,Asia,West Asia,3802,<4K,8300-8240 calBCE (Wk-43898),10220,37.75191,32.864901,0.00001,0.00001,0.00001,0.00001,0.008219,0.00001,0.00001,0.097288,0.00001,0.00001,0.337192,0.00001,0.00001,0.095834,0.00001,0.024626,0.00001,0.00001,0.00001,0.011757,0.00001,0.00001,0.143783,0.00001,0.00001,0.074963,0.056487,0.00001,0.00001,0.052509,0.013096,0.00001,0.031891,0.052124
13029,VK411.SG,Europe,North Europe,3941,<4K,800-1100 CE,1000,55.5,10.33,0.00001,0.00001,0.000011,0.00001,0.00001,0.00001,0.076232,0.123612,0.00001,0.000015,0.00001,0.021864,0.00001,0.069133,0.00001,0.00001,0.00001,0.00001,0.690474,0.00001,0.000011,0.00001,0.00001,0.00001,0.00001,0.00001,0.000018,0.00001,0.00001,0.018367,0.00001,0.00001,0.00001,0.00001
4957,RISE598.SG,Europe,East Europe,4021,4K-5K,"906-477 calBCE (2590¡À75 BP, Ua-16681)",2653,54.358,23.302,0.00001,0.00001,0.025417,0.00001,0.000015,0.00001,0.00001,0.00001,0.06058,0.00001,0.00001,0.000567,0.712287,0.032281,0.00001,0.00001,0.00001,0.028607,0.026035,0.00001,0.00001,0.00001,0.00001,0.00001,0.00001,0.00001,0.040163,0.00001,0.00001,0.00001,0.073788,0.00001,0.00001,0.00001
11573,MJ-36.SG,Europe,East Europe,4035,4K-5K,"247-404 calCE (1735¡À30 BP, Poz-)",1628,48.5351833,26.9676,0.00001,0.00001,0.00001,0.00001,0.00001,0.00001,0.00001,0.00001,0.00001,0.00001,0.153333,0.065655,0.548253,0.113331,0.00001,0.00001,0.00001,0.030484,0.068904,0.00001,0.00001,0.00001,0.00001,0.00001,0.00001,0.00001,0.00001,0.00001,0.00001,0.00001,0.004285,0.006755,0.00873,0.00001
10629,SN-57.SG,America,North America,4050,4K-5K,3650-2200 BCE,4875,33.264278,-119.539,0.00001,0.00001,0.00001,0.00001,0.00001,0.00001,0.00001,0.00001,0.00001,0.00001,0.00001,0.00001,0.00001,0.00001,0.00001,0.00001,0.00001,0.00001,0.00001,0.00001,0.00001,0.99965,0.00001,0.00001,0.00001,0.00001,0.00001,0.00001,0.00001,0.00001,0.00001,0.00001,0.00001,0.00001
10566,CK-10.SG,America,North America,4250,4K-5K,1200-1450 CE,625,42.216667,-83.066667,0.00002,0.024715,0.015948,0.00001,0.001345,0.022989,0.00001,0.00001,0.00001,0.00001,0.00001,0.00001,0.00001,0.00001,0.00656,0.021493,0.223657,0.00001,0.00001,0.01477,0.00001,0.266666,0.00001,0.00001,0.00001,0.00001,0.00001,0.00001,0.384446,0.00001,0.00001,0.005285,0.00001,0.00001
10945,kzb004.SG,Asia,North Asia,4364,4K-5K,"1872-1620 calBCE (3415¡À31 BP, Ua-56444)",3661,54.07,55.544,0.00001,0.011244,0.109775,0.00001,0.00001,0.00001,0.40109,0.128434,0.00001,0.00001,0.00001,0.09513,0.163298,0.075149,0.00001,0.00001,0.00001,0.014493,0.00001,0.00001,0.00001,0.00001,0.00001,0.00001,0.00001,0.00001,0.00001,0.00001,0.00001,0.00001,0.001117,0.00001,0.00001,0.00001
5024,ATP20.SG,Europe,South Europe,4438,4K-5K,"2291-2047 calBCE (3770¡À30 BP, Beta-368293)",4138,42.3525,-3.518333333,0.019902,0.00001,0.00001,0.00001,0.00001,0.00001,0.00001,0.00001,0.00001,0.00001,0.129734,0.139222,0.00001,0.052343,0.000895,0.00001,0.00001,0.00001,0.074756,0.00001,0.00001,0.00001,0.000016,0.026259,0.00001,0.413676,0.00001,0.00001,0.00001,0.106605,0.00001,0.00001,0.00001,0.001699
10586,PS-23.SG,America,North America,4444,4K-5K,100-700 CE,1550,34.901389,-120.648056,0.00001,0.00001,0.00001,0.00001,0.00001,0.00001,0.00001,0.00001,0.00001,0.00001,0.00001,0.00001,0.00001,0.00001,0.00001,0.00001,0.00001,0.000014,0.00001,0.00001,0.00001,0.999646,0.00001,0.00001,0.00001,0.00001,0.00001,0.00001,0.00001,0.00001,0.00001,0.00001,0.00001,0.00001
5473,DevilsGate2.SG,Asia,North Asia,4519,4K-5K,"5745-5574 calBCE [union of two dates: 5729-5574 calBCE (6765¡À40 BP, OxA-27677); 5745-5685 calBCE (6765¡À40 BP, OxA-27677)]",7610,44.55,135.583333,0.00001,0.999645,0.00001,0.000015,0.00001,0.00001,0.00001,0.00001,0.00001,0.00001,0.00001,0.00001,0.00001,0.00001,0.00001,0.00001,0.00001,0.00001,0.00001,0.00001,0.00001,0.00001,0.00001,0.00001,0.00001,0.00001,0.00001,0.00001,0.00001,0.00001,0.00001,0.00001,0.00001,0.00001
10618,SN-43.SG,America,North America,4536,4K-5K,"795-550 calBCE (2541¡À26 BP, OxA-34809)",2635,33.264278,-119.539,0.00001,0.00001,0.00001,0.00001,0.000016,0.00001,0.00001,0.00001,0.00001,0.00001,0.00001,0.00001,0.00001,0.00001,0.00001,0.00001,0.00001,0.00001,0.00001,0.00001,0.00001,0.999644,0.00001,0.00001,0.00001,0.00001,0.00001,0.00001,0.00001,0.00001,0.00001,0.00001,0.00001,0.00001
11318,s19_X12_1.SG,Europe,East Europe,4612,4K-5K,"896-787 calBCE (2652¡À26 BP, SUERC-80011, GU-47825)",2767,59.3992,27.0142,0.00001,0.00001,0.00001,0.00001,0.00001,0.00001,0.00001,0.00001,0.00001,0.00001,0.047468,0.186079,0.593681,0.032855,0.00001,0.00001,0.00001,0.00001,0.00001,0.00001,0.00001,0.013411,0.00001,0.00001,0.00001,0.00001,0.00001,0.00001,0.00001,0.126205,0.00001,0.00001,0.00001,0.00001
12800,VK161.SG,Asia,North Asia,4644,4K-5K,900-1300 CE,850,58.78,36.16,0.00001,0.00001,0.019925,0.00001,0.003284,0.055186,0.082701,0.337376,0.00001,0.00001,0.002874,0.104865,0.114348,0.043407,0.00001,0.00001,0.00001,0.00001,0.19238,0.00001,0.00001,0.00001,0.00001,0.000016,0.00001,0.00001,0.024619,0.00001,0.00001,0.00001,0.00001,0.00001,0.006088,0.007746
13052,VK437.SG,Europe,North Europe,4783,4K-5K,900-1050 CE,975,57.34,18.19,0.00001,0.03184,0.00001,0.00001,0.00001,0.00001,0.071081,0.070941,0.00001,0.00001,0.00001,0.067925,0.113121,0.00001,0.00001,0.00001,0.008859,0.00001,0.589923,0.025625,0.00001,0.00001,0.00001,0.00001,0.00001,0.020413,0.00001,0.00001,0.00001,0.00001,0.00001,0.00001,0.00001,0.00001
4449,I0589.SG,Africa,East Africa,4851,4K-5K,"586-652 calCE (1479¡À23 BP, OxA-31427)",1331,-6.4,39.5,0.000015,0.00001,0.089956,0.00001,0.224989,0.00001,0.020161,0.00001,0.512588,0.036792,0.00001,0.018565,0.00001,0.00001,0.00001,0.015985,0.00001,0.00001,0.00001,0.000011,0.000013,0.00001,0.00001,0.006272,0.00001,0.00001,0.00001,0.00001,0.00001,0.00001,0.00001,0.00001,0.00001,0.00001
11586,MJ-53.SG,Asia,Central Asia,4852,4K-5K,"393-206 calBCE (2255¡À30 BP, Poz-)",2246,49.1122333,75.1556,0.00001,0.17288,0.013632,0.00001,0.00001,0.029348,0.160956,0.097564,0.00001,0.105881,0.00001,0.06266,0.00001,0.00001,0.00001,0.00001,0.096005,0.00001,0.00001,0.00025,0.061743,0.010047,0.002167,0.178535,0.00001,0.00001,0.00001,0.00001,0.00001,0.000019,0.004001,0.004113,0.00001,0.00001
10570,CT-02.SG,America,North America,4982,4K-5K,1400-1700 CE,300,33.383333,-118.416667,0.00001,0.00001,0.00001,0.00001,0.00001,0.00001,0.00001,0.00001,0.00001,0.00001,0.00001,0.00001,0.000017,0.00001,0.00001,0.00001,0.00001,0.000017,0.00001,0.00001,0.00001,0.999636,0.00001,0.00001,0.00001,0.00001,0.00001,0.00001,0.00001,0.00001,0.00001,0.00001,0.00001,0.00001
11607,I5374_contam.SG,Europe,West Europe,5038,5K-6K,"2663-2456 calBCE (4008¡À39 BP, OxA-16460)",4480,51.279,-2.743324,0.00001,0.00001,0.027331,0.00001,0.013974,0.00001,0.00001,0.038735,0.003463,0.00001,0.00001,0.029055,0.026698,0.060725,0.00001,0.00001,0.00001,0.00001,0.00001,0.00001,0.00001,0.041475,0.052616,0.00001,0.00001,0.227331,0.00001,0.00001,0.00001,0.316946,0.106045,0.00001,0.03257,0.016978
11105,I14773,Asia,North Asia,5116,5K-6K,3750-3600 BCE,5625,42.78944444,131.2761111,0.00001,0.99965,0.00001,0.00001,0.00001,0.00001,0.00001,0.00001,0.00001,0.00001,0.00001,0.00001,0.00001,0.00001,0.00001,0.00001,0.00001,0.00001,0.00001,0.00001,0.00001,0.00001,0.00001,0.00001,0.00001,0.00001,0.00001,0.00001,0.00001,0.00001,0.00001,0.00001,0.00001,0.00001
10604,SN-12.SG,America,North America,5228,5K-6K,"663-872 calCE (1269¡À34 BP, UBA-31921)",1209,33.264278,-119.539,0.00002,0.000019,0.00001,0.00001,0.00001,0.00001,0.00001,0.00001,0.00001,0.00001,0.00001,0.00001,0.00001,0.00001,0.000013,0.00001,0.000015,0.00001,0.00001,0.00001,0.00001,0.999617,0.00001,0.00001,0.00001,0.00001,0.00001,0.00001,0.00001,0.00001,0.00001,0.00001,0.00001,0.00001
9087,I7595_published,Europe,South Europe,5251,5K-6K,"3518-3371 calBCE (4670¡À23 BP, MAMS-16332)",5396,38.7025,-0.48631,0.00001,0.00001,0.007968,0.00001,0.00001,0.00001,0.061853,0.00001,0.00001,0.00001,0.110258,0.00001,0.00001,0.00001,0.00001,0.00001,0.00001,0.00001,0.00001,0.00001,0.00001,0.00001,0.00001,0.00001,0.00001,0.529609,0.090519,0.037607,0.00001,0.122544,0.00001,0.00001,0.039363,0.00001
4955,RISE595.SG,Europe,South Europe,5263,5K-6K,1200-800 BCE,2950,42.382,18.74,0.00001,0.00001,0.00001,0.00001,0.00001,0.00001,0.00001,0.054629,0.011687,0.00001,0.081429,0.00001,0.038805,0.018373,0.00001,0.038425,0.00001,0.026628,0.205118,0.00001,0.00001,0.00001,0.00001,0.00001,0.00001,0.085952,0.00001,0.43245,0.00001,0.00001,0.001623,0.00001,0.000017,0.00001
12557,SM-SGDLM7X,Asia,East Asia,5306,5K-6K,2250-1950 BCE ,4050,38.5664991,110.3101228,0.00001,0.00001,0.024427,0.00001,0.010935,0.00001,0.00001,0.000014,0.00001,0.482058,0.00001,0.00001,0.00001,0.00001,0.00001,0.00001,0.00001,0.00001,0.023882,0.00001,0.455443,0.00001,0.00001,0.00001,0.00001,0.00001,0.00001,0.00001,0.00001,0.00001,0.00001,0.00001,0.00001,0.00001
12829,VK191.SG,America,North America,5430,5K-6K,"1046-1277 calCE (845¡À50 BP, AAR-1263)",762,60.55,-45.34,0.00001,0.00001,0.00001,0.00001,0.00001,0.000019,0.00001,0.00001,0.00001,0.00001,0.00001,0.00001,0.00001,0.00001,0.00001,0.000014,0.00001,0.991674,0.00001,0.00001,0.00001,0.00001,0.00001,0.00001,0.00001,0.00001,0.00001,0.00001,0.00001,0.00001,0.00001,0.00001,0.00001,0.007974
4101,Sanganji_131464_B.SG,Asia,East Asia,5454,5K-6K,1404-1263 calBCE (3061¡À19 BP),3280,37.844,140.91,0.069721,0.000017,0.015786,0.00001,0.003543,0.00001,0.00001,0.057086,0.035055,0.00001,0.00001,0.00001,0.00001,0.00001,0.00001,0.00001,0.000019,0.00001,0.069018,0.00001,0.715979,0.00001,0.00001,0.00001,0.00001,0.00001,0.00001,0.00001,0.00001,0.00001,0.00001,0.00001,0.030076,0.00001
5155,I2022,Europe,West Europe,5496,5K-6K,5500-4850 BCE,7125,51.89583333,11.04666667,0.00001,0.00001,0.00001,0.00001,0.00001,0.043947,0.00001,0.00001,0.00001,0.00001,0.308714,0.00001,0.004993,0.000013,0.00001,0.00001,0.000018,0.021428,0.00001,0.00001,0.00001,0.00001,0.023079,0.00001,0.00001,0.00001,0.00001,0.017513,0.00001,0.58002,0.000014,0.00001,0.00001,0.00001
13085,VK470.SG,Asia,North Asia,5577,5K-6K,900-1100 CE,950,54.78,31.87,0.00001,0.00001,0.001698,0.012365,0.00001,0.00001,0.254144,0.235903,0.00001,0.00001,0.002,0.205009,0.00001,0.030794,0.00001,0.00001,0.00001,0.00001,0.155427,0.00001,0.00001,0.00001,0.00001,0.00001,0.00001,0.00001,0.00469,0.00001,0.00001,0.09771,0.00001,0.00001,0.00001,0.00001
12311,S120.EC,Asia,East Asia,5598,5K-6K,3400-2800 BCE,5050,37.82060368,109.0505931,0.056569,0.00001,0.038672,0.015692,0.00001,0.00001,0.00001,0.00001,0.00001,0.450331,0.00001,0.00001,0.000012,0.00001,0.002509,0.00001,0.000012,0.00001,0.00001,0.000014,0.397986,0.035861,0.00001,0.00001,0.00001,0.00001,0.00001,0.00001,0.000012,0.00001,0.00001,0.00001,0.00001,0.00001
11210,BAL003.A0101,Europe,South Europe,5634,5K-6K,"10727-9272 calBCE (10195¡À255 BP, Ua-34298)",11908,42.085341,1.601683,0.00001,0.00001,0.002317,0.00001,0.00001,0.00001,0.00001,0.00001,0.00001,0.00001,0.00001,0.00001,0.00001,0.00001,0.000017,0.00001,0.004265,0.00001,0.00001,0.00001,0.00001,0.00001,0.00001,0.030082,0.00001,0.105764,0.658707,0.00001,0.00001,0.027385,0.171183,0.00001,0.00001,0.00001
4866,RISE42.SG,Europe,North Europe,5656,5K-6K,"2193-1971 calBCE (3681¡À28 BP, OxA-28225)",4021,55.657,12.148,0.00001,0.000012,0.018327,0.041718,0.00001,0.00001,0.00001,0.00001,0.00001,0.00001,0.00001,0.059948,0.009751,0.034472,0.00001,0.00001,0.005652,0.00001,0.668881,0.00001,0.022102,0.022292,0.028989,0.00001,0.00001,0.00001,0.00001,0.00001,0.00001,0.00001,0.069643,0.00001,0.00001,0.00001
8419,I5663_published,Europe,West Europe,5680,5K-6K,2500-2000 BCE,4200,48.841,12.75,0.00001,0.00001,0.00001,0.00001,0.001979,0.023977,0.118447,0.00001,0.00001,0.00001,0.00001,0.002686,0.058952,0.000015,0.00001,0.00001,0.000011,0.026753,0.031424,0.00001,0.00001,0.00001,0.078893,0.026117,0.00001,0.053304,0.021642,0.051023,0.00001,0.00001,0.015825,0.002832,0.479037,0.003915
11448,shukaKaa.SG,America,North America,5710,5K-6K,8550-8295 calBCE (9200¡À50 BP),10366,56.333333,-133.591667,0.00001,0.00001,0.00001,0.00001,0.00001,0.00001,0.00001,0.00001,0.00001,0.00001,0.00001,0.00001,0.00001,0.00001,0.173681,0.017583,0.073572,0.298233,0.00001,0.00001,0.00001,0.208539,0.00001,0.00001,0.00001,0.00001,0.00001,0.00001,0.196763,0.00001,0.00001,0.00001,0.00001,0.031338
5153,I2014,Europe,West Europe,5715,5K-6K,"5204-4852 calBCE (6081¡À30 BP, KIA-40344)",6946,51.89583333,11.04666667,0.00001,0.00001,0.00001,0.00001,0.00001,0.00001,0.00001,0.000015,0.00001,0.00001,0.180085,0.00001,0.02271,0.00001,0.00001,0.00001,0.00001,0.00001,0.00001,0.00001,0.00001,0.00001,0.042354,0.00001,0.00001,0.00001,0.00001,0.233688,0.00001,0.514501,0.00001,0.006356,0.00001,0.00001
9137,I8153,Europe,South Europe,5715,5K-6K,2900-2500 BCE,4650,37.24,-4.24,0.00001,0.00001,0.00001,0.00001,0.010013,0.000018,0.00001,0.035195,0.012482,0.00001,0.00001,0.059921,0.065437,0.00001,0.00001,0.00001,0.00001,0.005079,0.00001,0.00001,0.00001,0.00001,0.00001,0.00001,0.00001,0.325795,0.047171,0.131048,0.00001,0.302039,0.004663,0.00001,0.00001,0.000909
11587,MJ-54.SG,Asia,Central Asia,5727,5K-6K,"761-399 calBCE [union of two dates: 743-399 calBCE (2410¡À30 BP, Poz-); 761-479 calBCE (2470¡À20 BP, PSUAMS-3185)]",2530,51.1387083,75.7151889,0.000017,0.006722,0.00001,0.032928,0.00001,0.050085,0.200455,0.253346,0.00001,0.08224,0.00001,0.00001,0.079854,0.01661,0.00001,0.016466,0.00001,0.028114,0.00001,0.00001,0.00001,0.00001,0.00001,0.00001,0.00001,0.00001,0.000017,0.00001,0.00001,0.00001,0.035912,0.00001,0.197015,0.00001
12871,VK239.SG,Europe,North Europe,5732,5K-6K,1500-1700 CE,350,61.85,-6.8,0.00001,0.00001,0.031741,0.00001,0.005855,0.00397,0.077085,0.059332,0.00001,0.00001,0.00001,0.00001,0.094762,0.00001,0.00001,0.00001,0.00001,0.00001,0.719897,0.00001,0.00001,0.00001,0.00001,0.00001,0.00001,0.00001,0.00001,0.00001,0.00001,0.00001,0.00001,0.00001,0.00001,0.00001
9320,DA189.SG,Asia,North Asia,5745,5K-6K,600-1000 CE,1150,50.476192,36.982805,0.00001,0.00001,0.062727,0.00001,0.00001,0.000014,0.000019,0.63002,0.00001,0.00001,0.00001,0.00001,0.00001,0.053632,0.0045,0.00001,0.043295,0.00001,0.00001,0.00001,0.00001,0.001729,0.060974,0.00001,0.00001,0.00001,0.00001,0.14283,0.00001,0.00001,0.00001,0.00001,0.00001,0.00001
11261,SSJ-A-2_38.SG,Europe,North Europe,5778,5K-6K,850-1000 CE,1025,65.537708,14.526592,0.00001,0.00001,0.025389,0.00001,0.00001,0.00001,0.00001,0.043351,0.00001,0.00001,0.00001,0.00001,0.034107,0.014586,0.00001,0.00001,0.00001,0.00001,0.735255,0.00001,0.00001,0.00001,0.00001,0.00001,0.00001,0.00001,0.00001,0.109005,0.00001,0.00001,0.038017,0.00001,0.00001,0.00001
8716,Brillenhohle_published_d,Europe,West Europe,5810,5K-6K,"13167-12525 calBCE (12535¡À50 BP, OxA-23414)",14817,48.24,9.46,0.00001,0.056841,0.077579,0.00001,0.00001,0.00001,0.00001,0.024118,0.030712,0.00001,0.037108,0.00001,0.0644,0.00001,0.00001,0.00001,0.000253,0.015261,0.00001,0.025213,0.000018,0.00001,0.00001,0.00001,0.00001,0.031166,0.00001,0.00001,0.00001,0.132241,0.453256,0.006592,0.032481,0.00001
12186,pcw160.SG,Europe,East Europe,5817,5K-6K,"2463-2208 calBCE (3870¡À35 BP, Poz-54043)",4299,50.044444,22.571389,0.00001,0.00001,0.00001,0.00001,0.00001,0.017284,0.00001,0.00001,0.00001,0.00001,0.03129,0.00001,0.931836,0.00001,0.00001,0.00001,0.00001,0.00001,0.00001,0.00001,0.00001,0.00001,0.00001,0.008629,0.00001,0.00001,0.00001,0.00001,0.00001,0.00001,0.00001,0.00001,0.00001,0.005446
10802,I12391,Africa,East Africa,5893,5K-6K,"892-992 calCE (1110¡À15 BP, PSUAMS-4942)",1009,-1.326,35.939,0.00001,0.00001,0.00001,0.00001,0.075997,0.00001,0.00001,0.00001,0.922338,0.00001,0.00001,0.00001,0.00001,0.000019,0.00001,0.000019,0.00001,0.00001,0.00001,0.00001,0.000015,0.00001,0.00001,0.000018,0.00001,0.00001,0.00001,0.00001,0.00001,0.00001,0.000017,0.001295,0.00001,0.00001
4852,Ajvide53.SG,Europe,North Europe,5922,5K-6K,2900-2600 BCE,4700,57.287,18.206,0.00001,0.00001,0.047867,0.00001,0.00001,0.047561,0.00001,0.00001,0.00001,0.00001,0.052257,0.453792,0.019501,0.038364,0.00001,0.027038,0.00002,0.00001,0.00001,0.01667,0.014162,0.00001,0.00001,0.00001,0.007777,0.032009,0.008774,0.00001,0.00001,0.029042,0.016316,0.00001,0.178167,0.00001
9001,I8970,Asia,Southeast Asia,5944,5K-6K,600-400 BCE,2450,17.407901,103.240434,0.029906,0.00001,0.005838,0.00001,0.00001,0.00001,0.00001,0.00001,0.059363,0.00001,0.00001,0.024845,0.00001,0.000011,0.00001,0.000012,0.000015,0.00001,0.00001,0.022076,0.715014,0.00001,0.006935,0.119885,0.011435,0.000019,0.00001,0.00001,0.00001,0.00001,0.000016,0.00001,0.00001,0.00001
12573,KIN003,Africa,Central Africa,5989,5K-6K,"1662-1950 calCE (172¡À20 BP, OxA-37354)",163,-5.08583,15.1287,0.00001,0.000435,0.00001,0.00001,0.148288,0.072386,0.00001,0.00001,0.552888,0.028861,0.00001,0.00001,0.00001,0.00001,0.00001,0.003432,0.000019,0.00001,0.00001,0.023301,0.00001,0.034079,0.00001,0.10109,0.00001,0.00002,0.00001,0.00001,0.00001,0.00001,0.00001,0.002357,0.00001,0.001155
11858,I3065.SG,Europe,West Europe,6037,6K-7K,"4444-4255 calBCE (5492¡À36 BP, SUERC-69249)",6290,56.011625,-6.240016,0.00001,0.00001,0.00001,0.003934,0.00001,0.000016,0.00001,0.00001,0.00001,0.023228,0.00001,0.000012,0.00001,0.00001,0.00001,0.00001,0.000012,0.00001,0.00001,0.014965,0.00001,0.00001,0.00001,0.0224,0.00001,0.00001,0.088964,0.00001,0.00001,0.00001,0.68358,0.00001,0.127221,0.03542
8903,I7647,Europe,South Europe,6056,6K-7K,4050-3340 calBCE (MAMS-16335),5645,38.7025,-0.48631,0.00001,0.00001,0.002539,0.007458,0.00001,0.00001,0.00001,0.00001,0.00001,0.00001,0.024231,0.00001,0.00001,0.028997,0.00001,0.00001,0.00001,0.00001,0.00001,0.00001,0.00001,0.00001,0.00001,0.00001,0.00001,0.772047,0.13747,0.00001,0.00001,0.00001,0.004936,0.00001,0.022043,0.00001
5042,I2351,Europe,East Europe,6091,6K-7K,4300-3900 BCE,6050,46.407091,18.742154,0.00001,0.00001,0.00001,0.026568,0.012,0.022967,0.00001,0.00001,0.00001,0.00001,0.722081,0.00001,0.00001,0.013927,0.00001,0.00001,0.00001,0.001079,0.00001,0.00001,0.00001,0.00001,0.00001,0.061409,0.00001,0.00001,0.078109,0.00001,0.00001,0.061591,0.00001,0.00001,0.00001,0.00001
12774,VK133.SG,Europe,North Europe,6105,6K-7K,700-1100 CE,1050,55.5,10.33,0.018322,0.00001,0.000019,0.00001,0.00001,0.03937,0.00001,0.00001,0.02177,0.00001,0.00001,0.00001,0.055327,0.00001,0.00001,0.00001,0.00001,0.014503,0.765038,0.00001,0.00001,0.000018,0.00001,0.00001,0.00001,0.00001,0.010746,0.00001,0.00001,0.00001,0.00001,0.00001,0.058088,0.007713
11056,I13983_published,Africa,East Africa,6230,6K-7K,800 BCE - 400 CE,2150,-3.48,35.35,0.00001,0.019985,0.035725,0.00001,0.174615,0.00001,0.00001,0.00001,0.560792,0.00001,0.00001,0.00001,0.000014,0.007193,0.00001,0.00001,0.00001,0.046497,0.00001,0.053768,0.00001,0.012609,0.00001,0.005964,0.00001,0.00001,0.00001,0.00001,0.00001,0.00001,0.00001,0.008309,0.00001,0.00001
13030,VK413.SG,Asia,North Asia,6255,6K-7K,900-1100 CE,950,54.78,31.87,0.00001,0.00001,0.00001,0.00001,0.00001,0.00001,0.283047,0.352028,0.00001,0.00001,0.00001,0.00001,0.00001,0.00001,0.00001,0.00001,0.00001,0.00001,0.00001,0.00001,0.00001,0.012444,0.155658,0.00001,0.00001,0.10479,0.064622,0.00001,0.00001,0.00001,0.021548,0.00001,0.00001,0.005584
8893,I7688,Europe,South Europe,6278,6K-7K,1200-700 BCE,2900,40.08694,-8.5166,0.00001,0.00001,0.00001,0.00001,0.00001,0.075496,0.00001,0.00001,0.00001,0.00001,0.00001,0.024448,0.00001,0.026682,0.00001,0.00001,0.009125,0.00001,0.027473,0.00001,0.000293,0.00001,0.00001,0.00001,0.00001,0.27516,0.154318,0.162891,0.00001,0.206066,0.00001,0.00001,0.037798,0.00001
4446,AM73.SG,America,South America,6309,6K-7K,1800-1900 CE,100,-53.84,-71.17,0.00001,0.00001,0.00001,0.00001,0.005442,0.00001,0.00001,0.00001,0.00001,0.00001,0.00001,0.00001,0.00001,0.00001,0.00001,0.00001,0.005596,0.000777,0.00001,0.00001,0.00001,0.003149,0.00001,0.00001,0.00001,0.00001,0.00001,0.00001,0.981729,0.00001,0.00001,0.000013,0.00001,0.00001
12315,S95.EC,Asia,East Asia,6310,6K-7K,3400-2800 BCE,5050,37.82060368,109.0505931,0.00001,0.088225,0.00374,0.023406,0.00001,0.00001,0.00001,0.00001,0.00001,0.326132,0.00001,0.00001,0.00001,0.000018,0.000019,0.000011,0.025033,0.00001,0.00001,0.00001,0.460135,0.040885,0.004565,0.027584,0.00001,0.000019,0.00001,0.00001,0.00001,0.00001,0.00001,0.00001,0.00001,0.00001
4901,RISE413.SG,Asia,West Asia,6315,6K-7K,"1919-1696 calBCE (3493¡À34 BP, UBA-28941)",3764,40.14,45.26,0.00001,0.00001,0.006521,0.00001,0.002127,0.045014,0.00001,0.092028,0.00001,0.00001,0.00001,0.00001,0.124925,0.034518,0.00001,0.00001,0.026122,0.00001,0.096814,0.00001,0.00001,0.00001,0.197376,0.089461,0.00001,0.00001,0.00001,0.132762,0.00001,0.00001,0.00001,0.00001,0.137165,0.00001
4858,Gokhem5.SG,Europe,North Europe,6332,6K-7K,"3331-2930 calBCE (4440¡À30 BP, Beta-368294)",5084,58.174,13.408,0.00001,0.00001,0.012675,0.00001,0.010141,0.00001,0.00001,0.00001,0.025271,0.00001,0.04028,0.085462,0.00001,0.026482,0.00001,0.00001,0.00001,0.00001,0.281958,0.000017,0.00001,0.003124,0.042058,0.00001,0.00001,0.012207,0.010817,0.00001,0.00001,0.424826,0.00001,0.00001,0.024463,0.00001
12532,HJTW13,Asia,East Asia,6373,6K-7K,"351-52 calBCE (2140¡À30 BP, HJTW13 )",2131,33.5922112,114.0221248,0.00001,0.00001,0.007075,0.00001,0.008358,0.00001,0.00001,0.00001,0.002008,0.340313,0.00001,0.00001,0.00001,0.010557,0.000011,0.00001,0.00001,0.00001,0.00001,0.00001,0.588732,0.02008,0.00001,0.00001,0.00001,0.00001,0.00001,0.00001,0.00001,0.00001,0.004516,0.00001,0.00001,0.011562
4612,I0457,Europe,South Europe,6384,6K-7K,3000-2100 BCE,4500,38.1,-1.85,0.00001,0.00001,0.0202,0.00001,0.006484,0.00001,0.000012,0.00001,0.00001,0.00001,0.115844,0.00001,0.001127,0.00001,0.00001,0.00001,0.00001,0.00001,0.00001,0.00001,0.00001,0.00001,0.00001,0.01944,0.00001,0.528038,0.101342,0.00001,0.00001,0.207242,0.00001,0.00001,0.00001,0.00001
11311,s19_X05_1.SG,Europe,East Europe,6451,6K-7K,"1205-1012 calBCE (2908¡À26 BP, SUERC-44069 (GU29247)",3049,59.4972,25.5114,0.00001,0.000012,0.00001,0.000017,0.00001,0.00001,0.00001,0.00001,0.017225,0.00001,0.00001,0.146865,0.68134,0.080819,0.00001,0.000011,0.00001,0.00001,0.00001,0.00001,0.037498,0.003343,0.00001,0.00001,0.00001,0.00001,0.022444,0.00001,0.00001,0.0081,0.00001,0.00001,0.00001,0.00001
8750,I7088,America,South America,6488,6K-7K,"5620-5336 calBCE (6560¡À60 BP, LP-186)",7428,-38.3605556,-60.2441667,0.00001,0.000011,0.00001,0.00001,0.00001,0.00001,0.00001,0.00001,0.00001,0.00001,0.00001,0.00001,0.00001,0.00001,0.073437,0.011653,0.048845,0.00001,0.00002,0.00001,0.00001,0.076998,0.00001,0.00001,0.00001,0.00001,0.00001,0.00001,0.788745,0.00001,0.000011,0.00001,0.00001,0.00001
3960,I3456,Asia,Central Asia,6489,6K-7K,"1121-936 calBCE (2870¡À20 BP, PSUAMS-2538)",2994,45.13427,79.36794,0.00001,0.000015,0.02598,0.00001,0.00357,0.011347,0.00001,0.382212,0.026746,0.00001,0.00001,0.011123,0.044235,0.016173,0.00001,0.00001,0.00001,0.046057,0.00001,0.00001,0.04535,0.002861,0.045692,0.022416,0.00001,0.00001,0.00001,0.13948,0.00001,0.00001,0.042334,0.00001,0.001193,0.015131
12313,S91.EC,Asia,East Asia,6514,6K-7K,3400-2800 BCE,5050,37.82060368,109.0505931,0.00001,0.00001,0.000017,0.00001,0.00001,0.00001,0.00001,0.00001,0.00001,0.400341,0.00001,0.00001,0.00001,0.010758,0.045325,0.000019,0.00001,0.00001,0.00001,0.030585,0.448652,0.004625,0.00001,0.045101,0.00001,0.00001,0.00001,0.00001,0.00001,0.00001,0.014319,0.00001,0.00001,0.00001
11523,I10333,America,Middle America,6596,6K-7K,1300 BCE - 200 CE,2500,17.87,-71.65,0.00001,0.00001,0.00001,0.00001,0.00001,0.00001,0.00001,0.00001,0.00001,0.00001,0.00001,0.000012,0.00001,0.00001,0.05334,0.863009,0.00001,0.033534,0.00001,0.00001,0.00001,0.00001,0.00001,0.00001,0.049795,0.00001,0.00001,0.00001,0.00001,0.00001,0.00001,0.00001,0.00001,0.00001
4950,RISE567.SG,Europe,West Europe,6649,6K-7K,2800-1800 BCE,4250,50.118,14.258,0.00001,0.049468,0.00001,0.00001,0.010999,0.00001,0.00001,0.053246,0.00001,0.00001,0.00001,0.00001,0.106985,0.000016,0.00001,0.00001,0.00001,0.00001,0.00001,0.002648,0.00001,0.00001,0.00001,0.004337,0.00001,0.00001,0.00001,0.00001,0.00001,0.00001,0.00001,0.00001,0.772022,0.00001
8125,I9056_d,America,South America,6663,6K-7K,"670-880 calCE (1498¡À23 BP, MAMS-28359)",1175,-28.55,-49.00583333,0.000017,0.034997,0.037957,0.00001,0.00001,0.00001,0.00001,0.00366,0.037034,0.00001,0.00001,0.00001,0.00001,0.00001,0.30334,0.044898,0.00001,0.00001,0.00001,0.002266,0.00001,0.118022,0.00001,0.00001,0.287966,0.00001,0.00001,0.00001,0.095713,0.00001,0.00001,0.002766,0.019336,0.00001
9319,DA188.SG,Asia,North Asia,6691,6K-7K,"709-956 calCE (1187¡À31 BP, UBA-31236)",1107,50.114471,38.300882,0.00001,0.00001,0.00001,0.00001,0.00001,0.000017,0.00001,0.91724,0.00001,0.00001,0.00001,0.00001,0.00001,0.00001,0.00001,0.00001,0.000017,0.010042,0.00001,0.00001,0.00001,0.00001,0.039637,0.00001,0.00001,0.02998,0.00001,0.00001,0.00001,0.00001,0.00001,0.00001,0.00001,0.00001
8445,I6476,Europe,West Europe,6704,6K-7K,2500-1800 BCE,4100,50.509507,14.04452,0.007209,0.00001,0.000012,0.00001,0.00001,0.030025,0.074068,0.000019,0.00001,0.00001,0.055504,0.057468,0.210997,0.00001,0.00738,0.00001,0.00001,0.060266,0.135126,0.00001,0.00001,0.00001,0.00001,0.002476,0.00001,0.019181,0.057603,0.00001,0.00001,0.282448,0.000017,0.00001,0.00001,0.00001
8378,I5364,Europe,West Europe,6734,6K-7K,1600-1200 BCE,3350,51.537627,-4.211801,0.00001,0.00001,0.022591,0.00001,0.00001,0.043632,0.085809,0.00001,0.00001,0.00001,0.09237,0.00001,0.080521,0.003942,0.036518,0.00001,0.00001,0.00001,0.06575,0.011757,0.00001,0.017203,0.00001,0.00001,0.00001,0.00001,0.00001,0.00001,0.00001,0.066284,0.042926,0.00001,0.427347,0.00001
9002,I8974,Asia,Southeast Asia,6735,6K-7K,1200-1000 BCE,3050,17.407901,103.240434,0.000012,0.015595,0.00001,0.00001,0.00001,0.00001,0.00001,0.00001,0.00001,0.108238,0.00001,0.00001,0.00001,0.00001,0.000016,0.00001,0.009407,0.00001,0.00001,0.023373,0.697313,0.00001,0.00001,0.129723,0.00001,0.00001,0.00001,0.00001,0.00001,0.00001,0.011812,0.003266,0.00001,0.000995
12488,XN191,Europe,West Europe,6747,6K-7K,"5316-5081 calBCE (6267¡À30 BP, MAMS-25931)",7199,48.78,9.18,0.00001,0.00001,0.00001,0.00001,0.00001,0.00001,0.098613,0.00001,0.00001,0.00001,0.316921,0.00001,0.00001,0.00001,0.00001,0.00001,0.00001,0.00001,0.032442,0.022166,0.00001,0.00001,0.042721,0.087661,0.00001,0.02674,0.00001,0.00001,0.00001,0.372456,0.00001,0.00001,0.00001,0.00001
10849,CL110,Europe,South Europe,6749,6K-7K,580-630 CE,1345,45.0792,7.5783,0.00001,0.000015,0.00001,0.00001,0.00001,0.00001,0.000017,0.027037,0.046844,0.00001,0.00001,0.00001,0.000014,0.016631,0.00001,0.00001,0.01839,0.00001,0.00001,0.00001,0.00001,0.00001,0.00001,0.077549,0.014041,0.065232,0.00001,0.602317,0.00001,0.00001,0.00001,0.00001,0.086242,0.00308
11101,I14937,Asia,East Asia,6764,6K-7K,1-800 CE,1550,24.32777778,121.7655556,0.036252,0.00001,0.00001,0.00002,0.00001,0.00001,0.00001,0.00001,0.00001,0.00001,0.00001,0.00001,0.00001,0.00001,0.017626,0.022359,0.00001,0.00001,0.00001,0.009041,0.904836,0.00001,0.00001,0.00001,0.00001,0.00001,0.00001,0.00001,0.00001,0.00001,0.009576,0.00001,0.00001,0.00001
11964,I6491_published,Europe,South Europe,6791,6K-7K,200-500 CE,1600,41.274,1.178,0.00001,0.00001,0.00001,0.00001,0.006906,0.00001,0.158316,0.00001,0.016029,0.00001,0.074287,0.004703,0.019233,0.00001,0.00001,0.00001,0.00001,0.00001,0.059306,0.00001,0.00001,0.00001,0.049172,0.038849,0.00001,0.006344,0.039449,0.335835,0.00001,0.163829,0.017308,0.004409,0.00001,0.005825
13056,VK441.SG,Europe,North Europe,6794,6K-7K,900-1050 CE,975,57.34,18.19,0.00001,0.00001,0.00001,0.00001,0.00001,0.00641,0.089236,0.00001,0.00001,0.00001,0.021612,0.134142,0.077787,0.00001,0.003953,0.00001,0.00001,0.001466,0.586021,0.017636,0.00001,0.00001,0.00001,0.00001,0.00001,0.00001,0.000014,0.00001,0.00001,0.000011,0.00001,0.00001,0.042321,0.016584
4444,AM66.SG,America,South America,6818,6K-7K,1800-1900 CE,100,-53.84,-71.17,0.00001,0.005192,0.00001,0.00001,0.004579,0.003802,0.00001,0.00001,0.000019,0.00001,0.00001,0.00001,0.015405,0.00001,0.00001,0.00001,0.00001,0.00001,0.00001,0.00001,0.00001,0.00001,0.00001,0.000011,0.00001,0.00001,0.00001,0.00001,0.968932,0.00001,0.00001,0.00001,0.00001,0.00001
8238,I5527,Europe,West Europe,6838,6K-7K,2800-1800 BCE,4250,48.711,11.453,0.00001,0.00001,0.00001,0.00001,0.00001,0.081304,0.221532,0.00001,0.058643,0.00001,0.041988,0.055245,0.196212,0.00001,0.00001,0.00001,0.00001,0.00001,0.199616,0.00001,0.00001,0.00001,0.062139,0.00001,0.00001,0.062083,0.00001,0.00001,0.00001,0.00001,0.020978,0.00001,0.00001,0.00001
9450,DA379_final.SG,Asia,Central Asia,6853,6K-7K,"3482-3021 calBCE (4515¡À57 BP, UBA-33658)",5160,37.60098,59.328411,0.00001,0.00001,0.00001,0.00001,0.00001,0.042467,0.04279,0.144637,0.012645,0.00001,0.00001,0.00001,0.04444,0.00001,0.00001,0.00001,0.00001,0.012716,0.00001,0.00001,0.00001,0.03207,0.00001,0.644064,0.00001,0.00001,0.00001,0.00001,0.000011,0.00001,0.00001,0.00001,0.023901,0.00001
8749,I6947,Asia,South Asia,6883,6K-7K,"1675-1943 calCE (140¡À15 BP, PSUAMS-4595)",131,30.24720461,79.73739624,0.00001,0.000017,0.00001,0.00001,0.00001,0.023143,0.104298,0.00001,0.00001,0.00001,0.00001,0.014558,0.00001,0.000019,0.00001,0.00001,0.00001,0.00001,0.140029,0.00001,0.00001,0.00001,0.597332,0.01251,0.00001,0.057672,0.00001,0.050161,0.00001,0.00001,0.00001,0.00001,0.00001,0.00001
10615,SN-39.SG,America,North America,6890,6K-7K,3650-2200 BCE,4875,33.264278,-119.539,0.000018,0.00001,0.00001,0.000015,0.00001,0.00001,0.00001,0.00001,0.00001,0.00001,0.00001,0.00001,0.00001,0.00001,0.00001,0.00001,0.00001,0.00001,0.00001,0.00001,0.00001,0.999637,0.00001,0.00001,0.00001,0.00001,0.00001,0.00001,0.00001,0.00001,0.00001,0.00001,0.00001,0.00001
9134,I8148,Europe,South Europe,6933,6K-7K,2900-2500 BCE,4650,37.24,-4.24,0.000018,0.00001,0.00001,0.00001,0.015944,0.00001,0.00001,0.091699,0.00001,0.00001,0.113448,0.00001,0.00001,0.043817,0.00001,0.00001,0.00001,0.00001,0.00001,0.00001,0.00001,0.00001,0.055362,0.00001,0.00001,0.430935,0.088601,0.00001,0.00001,0.091261,0.021801,0.00001,0.00001,0.046543
11309,s19_X02_1.SG,Europe,East Europe,6935,6K-7K,"1107-908 calBCE (2834¡À28 BP, SUERC-80017 (GU47828)",2937,59.4564,24.9217,0.000015,0.000014,0.00001,0.00001,0.00001,0.000014,0.00001,0.00001,0.00001,0.00001,0.00001,0.102451,0.704934,0.03134,0.00001,0.00001,0.00001,0.008232,0.00001,0.00001,0.00001,0.00001,0.00001,0.00001,0.00001,0.020558,0.068039,0.00001,0.00001,0.00001,0.000215,0.00001,0.00001,0.054106
11047,I8901,Africa,East Africa,6937,6K-7K,"892-992 calCE (1110¡À15 BP, PSUAMS-4743)",1009,0.458,36.709,0.019373,0.00001,0.00001,0.00001,0.077388,0.000016,0.00001,0.000018,0.805253,0.00001,0.00001,0.019494,0.00001,0.00001,0.00001,0.000014,0.00001,0.000013,0.000012,0.00002,0.00001,0.000013,0.000013,0.04303,0.00001,0.00001,0.00001,0.020596,0.00001,0.00001,0.00001,0.014532,0.000016,0.00001
4654,I0800,Europe,West Europe,6939,6K-7K,"3348-3097 calBCE (4498¡À27 BP, KIA-31459)",5164,51.53305556,11.83305556,0.00001,0.00001,0.00001,0.00001,0.00001,0.000017,0.00001,0.00001,0.023308,0.00001,0.203236,0.00001,0.00001,0.008344,0.00001,0.00001,0.00001,0.00192,0.00001,0.002995,0.00001,0.00001,0.000015,0.000015,0.00001,0.018974,0.109022,0.00001,0.00001,0.467667,0.009558,0.00001,0.112974,0.041736
8114,I5037,Europe,West Europe,6947,6K-7K,2300-2000 BCE,4100,48.801944,17.023333,0.00001,0.00001,0.00001,0.00001,0.00001,0.04322,0.059729,0.00001,0.00001,0.00001,0.026278,0.099587,0.073823,0.00001,0.00001,0.022598,0.027894,0.052759,0.115758,0.00001,0.00001,0.00001,0.069513,0.03469,0.00001,0.00001,0.00001,0.208082,0.00001,0.00001,0.027481,0.00001,0.095315,0.043064
4881,RISE207.SG,Europe,North Europe,6950,6K-7K,"1495-1301 calBCE (3130¡À27 BP, OxA-29651)",3344,55.997,14.104,0.00001,0.00001,0.028425,0.00001,0.000309,0.007907,0.00001,0.067588,0.030052,0.00001,0.00001,0.023712,0.00001,0.00001,0.00001,0.00001,0.00001,0.00001,0.724929,0.008369,0.000019,0.00001,0.00001,0.00001,0.00001,0.00001,0.00001,0.00001,0.006908,0.00001,0.035886,0.00001,0.056379,0.009288
11054,I13982_published,Africa,East Africa,6956,6K-7K,800 BCE - 400 CE,2150,-3.48,35.35,0.00001,0.026732,0.034096,0.000012,0.202069,0.00001,0.00001,0.00001,0.553471,0.00001,0.00001,0.016964,0.00001,0.004128,0.00001,0.00001,0.00001,0.000859,0.038019,0.011076,0.02951,0.00001,0.000018,0.00001,0.001915,0.00001,0.006002,0.00001,0.00001,0.00001,0.00001,0.016784,0.00001,0.00001
12543,LJM4,Asia,East Asia,6962,6K-7K,2050-1850 BCE ,3900,36.508904,101.796482,0.00001,0.000014,0.00001,0.028424,0.004337,0.00001,0.00001,0.00001,0.00001,0.490828,0.00001,0.00001,0.008757,0.00001,0.00001,0.000013,0.00001,0.00001,0.00001,0.00001,0.456309,0.00001,0.00001,0.00001,0.00001,0.00001,0.00001,0.00001,0.00001,0.00001,0.00001,0.00001,0.00001,0.011039
4902,RISE416.SG,Asia,West Asia,6982,6K-7K,"1616-1443 calBCE (3259¡À40 BP, UBA-27942)",3477,40.14,45.26,0.016975,0.000705,0.027851,0.00001,0.00001,0.02478,0.042547,0.098606,0.00001,0.00001,0.00001,0.00001,0.106635,0.008299,0.00001,0.00001,0.00001,0.00001,0.090505,0.009547,0.00001,0.00001,0.12455,0.16426,0.00001,0.00001,0.00001,0.132077,0.00001,0.00001,0.007403,0.004643,0.132454,0.00001
8745,I6924,Asia,West Asia,6991,6K-7K,2000-1550 BCE,3725,32.032436,34.890611,0.00001,0.00001,0.00001,0.00001,0.00001,0.00001,0.00002,0.00001,0.015333,0.00001,0.011252,0.00387,0.00001,0.00001,0.00001,0.00001,0.00001,0.00001,0.00001,0.000015,0.00001,0.00001,0.931378,0.00001,0.00001,0.00001,0.019342,0.00001,0.00001,0.00001,0.01851,0.00001,0.00001,0.00001
9140,I8156,Europe,South Europe,7011,7K-8K,2900-2500 BCE,4650,37.24,-4.24,0.00001,0.006152,0.00001,0.00001,0.00001,0.00001,0.00001,0.00001,0.00001,0.00001,0.00001,0.046158,0.00001,0.00001,0.00001,0.00001,0.00001,0.00001,0.00001,0.00001,0.00001,0.00001,0.00001,0.00001,0.00001,0.561242,0.00001,0.00001,0.00001,0.203555,0.040265,0.00001,0.11657,0.018964
5404,I2629_published,Europe,West Europe,7015,7K-8K,3350-2350 BCE,4800,58.74,-2.916,0.00001,0.022984,0.00001,0.00001,0.00001,0.00001,0.018934,0.00001,0.00001,0.00001,0.00001,0.00001,0.000014,0.00001,0.00001,0.00001,0.00001,0.026749,0.00001,0.016933,0.00001,0.00001,0.00001,0.00001,0.00001,0.04524,0.04482,0.101786,0.00001,0.576243,0.038117,0.00001,0.00001,0.107931
12850,VK216.SG,Europe,North Europe,7048,7K-8K,800-900 CE,1100,55.73,12.12,0.00001,0.00001,0.00001,0.00001,0.00001,0.00001,0.00001,0.123114,0.024815,0.00001,0.00001,0.00001,0.047866,0.003105,0.00001,0.00001,0.00001,0.072276,0.687627,0.00001,0.00001,0.00001,0.00001,0.00001,0.00001,0.00001,0.00001,0.00001,0.00001,0.00001,0.036452,0.00001,0.00001,0.00001
11927,I2005_published,Europe,West Europe,7056,7K-8K,"5299-5049 calBCE (6211¡À32 BP, KIA-40346)",7100,51.89583333,11.04666667,0.00001,0.00001,0.031248,0.00001,0.00001,0.014797,0.00001,0.00001,0.029478,0.00001,0.276766,0.00002,0.00001,0.029379,0.00001,0.014671,0.00001,0.00001,0.00001,0.002378,0.00001,0.00001,0.000014,0.00001,0.00001,0.00001,0.00001,0.018987,0.00401,0.572081,0.00001,0.005942,0.00001,0.00001
9253,I8211,Europe,South Europe,7081,7K-8K,500-450 BCE,2425,42.1333,3.1083,0.00001,0.00001,0.00001,0.00001,0.00001,0.037384,0.057705,0.00001,0.00001,0.00001,0.01303,0.00001,0.03007,0.045202,0.00001,0.00001,0.00001,0.00001,0.00001,0.024356,0.00001,0.00001,0.00001,0.050771,0.00001,0.339151,0.198464,0.203602,0.00001,0.000016,0.00001,0.00001,0.00001,0.00001
10952,mur002.SG,Asia,North Asia,7088,7K-8K,"1680-1509 calBCE (3320¡À30 BP, Beta-497471)",3533,52.583,56.847,0.001225,0.00001,0.014831,0.00001,0.00001,0.052977,0.449463,0.199791,0.00001,0.00001,0.00001,0.020629,0.128248,0.010493,0.00001,0.00001,0.00001,0.007615,0.057709,0.00001,0.00001,0.00001,0.00001,0.00001,0.00001,0.00001,0.00001,0.00001,0.00001,0.00001,0.00001,0.00001,0.023071,0.033352
11577,MJ-40.SG,Asia,North Asia,7133,7K-8K,"396-207 calBCE (2265¡À30 BP, Poz-)",2254,52.532722,58.490389,0.011099,0.00001,0.027232,0.012406,0.00001,0.092267,0.195437,0.405284,0.00001,0.00001,0.00001,0.00001,0.181315,0.00001,0.00001,0.00001,0.00001,0.00001,0.00001,0.00001,0.00001,0.00001,0.00001,0.00001,0.00001,0.00001,0.074681,0.00001,0.00001,0.00001,0.00001,0.00001,0.00001,0.00001
8412,I5655_published,Europe,West Europe,7134,7K-8K,2500-2000 BCE,4200,48.841,12.75,0.00001,0.00001,0.00001,0.00001,0.00001,0.00001,0.002224,0.00001,0.00001,0.00001,0.000012,0.114841,0.016148,0.00001,0.00001,0.00001,0.00001,0.021421,0.00001,0.020266,0.00001,0.00001,0.03618,0.00001,0.00001,0.060381,0.00001,0.157731,0.00001,0.065989,0.00001,0.00001,0.504557,0.00001
12861,VK226.SG,Europe,North Europe,7155,7K-8K,900-1300 CE,850,65.61,-17.16,0.011544,0.005026,0.000014,0.00001,0.00001,0.00001,0.00001,0.046919,0.00001,0.00001,0.00001,0.00001,0.00001,0.008476,0.00001,0.025377,0.00001,0.019967,0.806854,0.00001,0.00001,0.00001,0.00001,0.000018,0.00001,0.00001,0.009082,0.00001,0.00001,0.00001,0.031477,0.000122,0.00001,0.034895
10960,scy193.SG,Europe,East Europe,7179,7K-8K,400-150 BCE,2225,46.6684,29.8001,0.00001,0.00001,0.00001,0.00001,0.002147,0.00001,0.183634,0.056635,0.00001,0.077697,0.105775,0.009592,0.481523,0.00001,0.00001,0.00001,0.000019,0.007357,0.00001,0.00001,0.00001,0.015459,0.00001,0.00001,0.011604,0.00001,0.00001,0.00001,0.00001,0.00001,0.00001,0.00001,0.048321,0.00001
5023,ATP17.SG,Europe,South Europe,7245,7K-8K,"3008-2783 calBCE (4280¡À30 BP, Beta-368290)",4849,42.3525,-3.518333333,0.00001,0.017658,0.00001,0.00001,0.001618,0.011072,0.00001,0.00001,0.00001,0.00001,0.071884,0.00001,0.00001,0.031148,0.00001,0.00001,0.00001,0.00001,0.00001,0.00001,0.00001,0.00001,0.00001,0.00001,0.00001,0.617602,0.112337,0.00001,0.00001,0.115556,0.013914,0.002745,0.00001,0.00001
12197,pcw420.SG,Europe,East Europe,7254,7K-8K,2500-2200 BCE,4300,50.185278,20.299167,0.015187,0.00001,0.010859,0.00001,0.005898,0.00001,0.00001,0.003052,0.002216,0.00001,0.00001,0.013363,0.820172,0.020073,0.00001,0.021344,0.00001,0.025505,0.00001,0.000015,0.00001,0.00001,0.006965,0.00001,0.00001,0.00001,0.00001,0.00001,0.00001,0.00001,0.00001,0.00001,0.026462,0.028669
9079,I11480_published,Asia,West Asia,7257,7K-8K,2900-2800 BCE,4800,30.649857,61.400311,0.09017,0.00001,0.01177,0.00001,0.003021,0.00001,0.00001,0.000428,0.00001,0.00001,0.00001,0.00001,0.00001,0.00001,0.00001,0.00001,0.00001,0.00001,0.00001,0.001665,0.016752,0.011309,0.072389,0.772237,0.00001,0.000019,0.013097,0.00001,0.00001,0.003983,0.00001,0.00001,0.00001,0.002931
11482,I7774_d,Europe,South Europe,7257,7K-8K,2200-1650 BCE,3875,36.8831,14.5712,0.00001,0.00001,0.005755,0.00001,0.00001,0.008606,0.00001,0.00001,0.00001,0.00001,0.120145,0.009397,0.00001,0.00001,0.00001,0.00001,0.00001,0.00001,0.00001,0.021804,0.00001,0.00001,0.00001,0.000017,0.00001,0.330387,0.00001,0.293966,0.00001,0.206615,0.000011,0.00001,0.00001,0.00001
11553,M8R1.SG,Asia,East Asia,7270,7K-8K,386-201 calBCE (2230¡À25 BP),2231,43.6097,93.1667,0.034788,0.068152,0.025719,0.053055,0.003454,0.134619,0.00001,0.067897,0.010496,0.171175,0.00001,0.00001,0.00001,0.00001,0.00001,0.00001,0.00001,0.00001,0.00001,0.00001,0.118021,0.000828,0.050736,0.045833,0.073272,0.00001,0.00001,0.00001,0.00001,0.00001,0.00001,0.00001,0.111315,0.03044
4712,I1748,America,South America,7280,7K-8K,"5460-5000 calBCE (6300¡À70 BP, AA-7966)",7180,-38.3605556,-60.2441667,0.00001,0.045058,0.00001,0.00001,0.00001,0.00001,0.00001,0.00001,0.00001,0.00001,0.00001,0.00001,0.00001,0.00001,0.01402,0.000011,0.00001,0.00001,0.00001,0.00001,0.00001,0.061542,0.00001,0.00001,0.00001,0.00001,0.00001,0.00001,0.879058,0.00001,0.00001,0.00001,0.00001,0.00001
9136,I8150,Europe,South Europe,7290,7K-8K,2900-2500 BCE,4650,37.24,-4.24,0.00001,0.00001,0.004261,0.00001,0.00001,0.00001,0.124652,0.00001,0.00001,0.00001,0.105447,0.00001,0.00001,0.018319,0.00001,0.000015,0.00001,0.00001,0.00001,0.013593,0.019914,0.00001,0.00884,0.00001,0.00001,0.663502,0.01512,0.00001,0.00001,0.00001,0.011905,0.00001,0.014191,0.00001
8964,Donkalnis4,Europe,East Europe,7313,7K-8K,"5991-5736 calBCE (6995¡À65 BP, OxA-5924)",7823,55.808,24.422,0.00001,0.00001,0.00001,0.00001,0.00001,0.003492,0.00001,0.00001,0.00001,0.00001,0.00001,0.881749,0.00001,0.010804,0.00001,0.005879,0.00001,0.00001,0.00001,0.00001,0.00001,0.00001,0.00001,0.00001,0.00001,0.00001,0.00001,0.00001,0.00001,0.00001,0.077062,0.00001,0.00001,0.020714
4519,ANI153,Europe,East Europe,7336,7K-8K,"4550-4368 calBCE (5657¡À30 BP, OxA-13692)",6434,43.2131,27.8644,0.00001,0.00001,0.00001,0.00001,0.00001,0.00001,0.00001,0.041547,0.00001,0.00001,0.675212,0.016684,0.00001,0.00001,0.00001,0.00001,0.00001,0.000016,0.00001,0.00001,0.00001,0.00001,0.006292,0.081217,0.00001,0.088296,0.00001,0.050372,0.00001,0.00001,0.040093,0.00001,0.00001,0.00001
4857,Gokhem4.SG,Europe,North Europe,7337,7K-8K,"3092-2887 calBCE (4341¡À44 BP, AA-R-10235)",4924,58.174,13.408,0.00001,0.00001,0.018447,0.00001,0.00307,0.000014,0.020304,0.00001,0.005537,0.00001,0.121799,0.029314,0.00001,0.024077,0.00001,0.00001,0.00001,0.00001,0.431722,0.00001,0.00001,0.00001,0.00001,0.00001,0.00001,0.00001,0.010832,0.00001,0.00001,0.226093,0.059125,0.005847,0.00001,0.043599
12525,DCZ-M6,Asia,East Asia,7338,7K-8K,50-150 CE ,1850,36.5310071,101.9623168,0.00001,0.00001,0.00932,0.020439,0.00001,0.00001,0.00001,0.00001,0.007939,0.256643,0.00001,0.00001,0.00001,0.036236,0.00001,0.00001,0.00001,0.00001,0.001897,0.00001,0.660031,0.00001,0.00001,0.00001,0.00001,0.00001,0.00001,0.00001,0.00001,0.00001,0.00001,0.00001,0.00001,0.00001
5004,Ostuni2_d,Europe,South Europe,7347,7K-8K,"27546-26837 calBCE (24910¡À125 BP, MAMS-11450)",29116,40.73,17.57,0.000398,0.038967,0.280289,0.000014,0.00001,0.000019,0.00001,0.00001,0.00001,0.00001,0.091633,0.0784,0.00001,0.00001,0.017157,0.00001,0.025305,0.00001,0.00001,0.018329,0.019359,0.00001,0.00001,0.057388,0.00001,0.00001,0.120511,0.164864,0.00001,0.00001,0.08388,0.00001,0.00001,0.00001
8453,I6538,Europe,East Europe,7373,7K-8K,"2015-1751 calBCE (3545¡À35 BP, Poz-86950)",3823,50.91,16.79,0.00001,0.00001,0.00001,0.00001,0.00001,0.020529,0.124352,0.03195,0.00001,0.00001,0.302264,0.00001,0.432831,0.000015,0.00001,0.000011,0.00001,0.00001,0.00001,0.00001,0.00001,0.00001,0.00001,0.041811,0.00001,0.00001,0.000013,0.000013,0.00001,0.00001,0.00001,0.00001,0.045961,0.00001
8629,I1701_published,Asia,West Asia,7422,7K-8K,"7752-7543 calBCE (8620¡À50 BP, Poz-81094)",9600,31.988,35.976,0.018135,0.00001,0.00001,0.00001,0.000152,0.00001,0.00001,0.00001,0.041026,0.006918,0.012988,0.006683,0.00001,0.00001,0.00001,0.00001,0.00001,0.00001,0.00001,0.028593,0.00001,0.00001,0.862116,0.00001,0.00001,0.00001,0.023119,0.00001,0.00001,0.00001,0.00001,0.00001,0.00001,0.00001
8258,I5868_published,Europe,East Europe,7425,7K-8K,"5471-5231 calBCE (6385¡À25 BP, PSUAMS-2807)",7313,47.9543,35.3893,0.00001,0.00001,0.00001,0.000528,0.00001,0.101272,0.00001,0.00001,0.004143,0.00001,0.00001,0.68777,0.101883,0.053091,0.008462,0.00001,0.00001,0.000019,0.00001,0.028608,0.00001,0.00001,0.00001,0.00001,0.00001,0.00001,0.00001,0.00001,0.00001,0.00001,0.00001,0.00001,0.013964,0.00001
9153,I8340,Europe,South Europe,7452,7K-8K,500-350 BCE,2375,42.1333,3.1083,0.00001,0.00001,0.00001,0.00001,0.00001,0.00001,0.00001,0.00001,0.00001,0.00001,0.00001,0.00001,0.085537,0.032568,0.00001,0.00001,0.00001,0.00001,0.04208,0.00001,0.00001,0.000013,0.00001,0.00001,0.00001,0.053845,0.201899,0.427403,0.00001,0.005044,0.031254,0.00001,0.118039,0.002068
11652,HUGO_171_d,Europe,West Europe,7453,7K-8K,"2397-2146 calBCE (3815¡À25 BP, MAMS-18917)",4203,48.32852,10.89819,0.002762,0.00001,0.00001,0.00001,0.00001,0.080942,0.14206,0.00001,0.00001,0.00001,0.251227,0.00001,0.010638,0.002627,0.00001,0.01857,0.00001,0.024107,0.083451,0.00001,0.00001,0.00001,0.121702,0.069989,0.00001,0.085093,0.020077,0.00001,0.00001,0.086534,0.00001,0.00001,0.00001,0.00001
8892,I7687,Europe,South Europe,7471,7K-8K,1200-700 BCE,2900,40.08694,-8.5166,0.00001,0.00001,0.012097,0.00001,0.002096,0.00001,0.143686,0.000014,0.00001,0.00001,0.00001,0.00001,0.00001,0.00001,0.00001,0.00001,0.00001,0.00001,0.00001,0.00001,0.00001,0.00001,0.00001,0.00001,0.00001,0.493303,0.111539,0.17101,0.00001,0.00001,0.026554,0.00001,0.00001,0.03943
11666,OBKR_93_d,Europe,West Europe,7506,7K-8K,"2112-1897 calBCE (3621¡À23 BP, MAMS-18908)",3933,48.26656,10.87857,0.00001,0.00001,0.00001,0.00001,0.00001,0.051606,0.164493,0.018603,0.00001,0.00001,0.00001,0.024643,0.09805,0.016017,0.00001,0.00001,0.00001,0.014971,0.064566,0.020745,0.00001,0.00001,0.00001,0.021775,0.00001,0.044553,0.067606,0.268384,0.005414,0.118364,0.00001,0.00001,0.00001,0.00001
12591,L5692_d,Asia,East Asia,7513,7K-8K,2618-2465 calBCE (4010¡À30 BP),4477,26.2,119.1,0.05696,0.00001,0.017749,0.022032,0.008771,0.00001,0.00001,0.00001,0.00001,0.028076,0.00001,0.00001,0.00001,0.00001,0.00001,0.047531,0.017393,0.00001,0.00001,0.038991,0.727285,0.003431,0.00001,0.00001,0.012429,0.00001,0.00001,0.00001,0.000017,0.00001,0.010818,0.00001,0.00001,0.00001
4670,I0971,America,South America,7540,7K-8K,500-900 CE,1250,-12.111111,-77.033889,0.00001,0.00001,0.006528,0.00001,0.002965,0.00001,0.00001,0.00001,0.00001,0.00001,0.00001,0.00001,0.00001,0.00001,0.00001,0.00001,0.00001,0.00001,0.00001,0.00001,0.00001,0.00001,0.00001,0.00001,0.319177,0.00001,0.00001,0.00001,0.671011,0.00001,0.00001,0.00001,0.00001,0.00001
10703,I12980,Asia,South Asia,7567,7K-8K,1000-800 BCE,2850,34.75146111,72.40193611,0.047153,0.00001,0.00001,0.00001,0.00001,0.051258,0.000013,0.02765,0.00001,0.046053,0.00001,0.000011,0.00001,0.00001,0.00001,0.00001,0.00001,0.00001,0.000943,0.00001,0.00001,0.00001,0.000011,0.638198,0.00001,0.00001,0.00001,0.056525,0.021504,0.00001,0.037173,0.00001,0.073277,0.00001
8718,GoyetQ376-19_published_d,Europe,West Europe,7576,7K-8K,"25771-25348 calBCE (23260¡À110 BP, GrA-54026)",27505,50.26,4.28,0.00001,0.00001,0.195779,0.00001,0.00001,0.027877,0.00001,0.00001,0.00001,0.00001,0.113755,0.075882,0.00001,0.026609,0.008185,0.000011,0.00001,0.00001,0.00001,0.00001,0.045142,0.00001,0.00001,0.079395,0.00001,0.00001,0.00001,0.029168,0.033684,0.00001,0.13666,0.115795,0.079105,0.032742
10600,SN-04.SG,America,North America,7599,7K-8K,"3081-2680 calBCE (4279¡À52 BP, UBA-31917)",4842,33.264278,-119.539,0.00001,0.00001,0.00001,0.00001,0.00001,0.00001,0.00001,0.00001,0.00001,0.00001,0.00001,0.00001,0.00001,0.00001,0.00001,0.000019,0.00001,0.00001,0.00001,0.00001,0.00001,0.999641,0.00001,0.00001,0.00001,0.00001,0.00001,0.00001,0.00001,0.00001,0.00001,0.00001,0.00001,0.00001
11970,I8140_published_d,Europe,South Europe,7611,7K-8K,"2121-1777 calBCE (3590¡À40 BP, Beta-230003)",3895,37.1366,-3.5483,0.00535,0.00001,0.00001,0.000017,0.00001,0.025719,0.00001,0.00001,0.017145,0.002001,0.00001,0.024101,0.049158,0.00001,0.00001,0.00001,0.001866,0.00001,0.084712,0.00001,0.00001,0.00001,0.034747,0.00001,0.00001,0.542967,0.00001,0.157653,0.00001,0.006834,0.026908,0.00001,0.00001,0.020024
12279,IKI006,Asia,West Asia,7628,7K-8K,3500-3100 BCE,5250,41.6136944,35.8711361,0.00001,0.00001,0.00001,0.00002,0.00001,0.000015,0.006139,0.093835,0.00001,0.000015,0.123805,0.00001,0.019495,0.000016,0.00001,0.00001,0.00001,0.000013,0.00001,0.010923,0.000011,0.00001,0.158484,0.237906,0.00001,0.144741,0.00001,0.085135,0.00001,0.119248,0.00001,0.00001,0.00001,0.00001
9234,I4936_published,Europe,South Europe,7673,7K-8K,2500-1900 BCE,4150,37.73497,12.9619,0.00001,0.00001,0.00001,0.00001,0.00001,0.00001,0.00001,0.000011,0.00001,0.00001,0.074061,0.041356,0.031231,0.00001,0.00001,0.00001,0.00001,0.00001,0.00001,0.00001,0.021443,0.00001,0.00001,0.068217,0.00001,0.385519,0.00001,0.248269,0.00001,0.102858,0.008972,0.00001,0.00001,0.017812
8644,I1069_published,Asia,West Asia,7675,7K-8K,12000-9500 BCE,12700,32.65,35.067,0.008735,0.00001,0.025113,0.00001,0.00001,0.00001,0.00001,0.00001,0.026123,0.006145,0.00001,0.000017,0.00001,0.00001,0.00001,0.00001,0.00001,0.00001,0.00001,0.000847,0.00001,0.00001,0.901504,0.00001,0.00001,0.00001,0.001797,0.00001,0.00001,0.00001,0.029449,0.00001,0.00001,0.00001
10575,LU-06.SG,America,North America,7683,7K-8K,1200-1450 CE,625,42.216667,-83.066667,0.009764,0.007139,0.000019,0.046864,0.00001,0.00001,0.00001,0.00001,0.00001,0.00001,0.00001,0.00001,0.00001,0.00001,0.00001,0.00001,0.152194,0.048508,0.00001,0.000018,0.002126,0.576255,0.00001,0.00001,0.00001,0.00001,0.00001,0.00001,0.156853,0.00001,0.00001,0.00001,0.00001,0.00001
10535,I11025,Asia,Central Asia,7717,7K-8K,1600-1300 BCE,3400,37.66666667,67,0.00002,0.00001,0.010396,0.00001,0.00001,0.029406,0.00001,0.00001,0.00001,0.00001,0.00001,0.010946,0.00001,0.00001,0.00001,0.00184,0.00001,0.02492,0.00001,0.00001,0.010475,0.00001,0.197968,0.638321,0.00001,0.00001,0.00001,0.068258,0.00001,0.00001,0.007201,0.00001,0.00001,0.00001
8633,I2870,Asia,South Asia,7737,7K-8K,"1698-1910 calCE (30¡À20 BP, PSUAMS-5429)",128,30.24720461,79.73739624,0.00001,0.00001,0.017962,0.032634,0.00001,0.00001,0.045966,0.02429,0.00001,0.00001,0.017253,0.00001,0.07447,0.00001,0.00001,0.00001,0.00001,0.000017,0.027872,0.00001,0.00001,0.00001,0.361488,0.056068,0.010814,0.00001,0.00001,0.18531,0.00001,0.143733,0.00001,0.00001,0.00001,0.001903
10813,I12855,Europe,South Europe,7749,7K-8K,1880-1770 BCE,3775,38.5781,-2.8417,0.00001,0.003836,0.00001,0.00001,0.00001,0.007017,0.00001,0.00001,0.00001,0.00001,0.030125,0.00001,0.061547,0.000077,0.00001,0.00001,0.00001,0.00001,0.00001,0.00001,0.007676,0.00001,0.017417,0.00001,0.00001,0.358508,0.180727,0.137319,0.00001,0.124623,0.00001,0.00001,0.053133,0.017767
5056,I2374,Europe,East Europe,7750,7K-8K,6000-5500 BCE,7700,47.18283,20.3509,0.000016,0.00001,0.00001,0.00001,0.00001,0.00001,0.00001,0.00001,0.00001,0.00001,0.989185,0.00001,0.00001,0.00001,0.00001,0.00001,0.00001,0.00001,0.00001,0.000011,0.00001,0.00001,0.00001,0.00001,0.00001,0.010468,0.00001,0.00001,0.00001,0.00001,0.00001,0.00001,0.00001,0.00001
11085,I14925,Asia,East Asia,7755,7K-8K,1-800 CE,1550,24.32777778,121.7655556,0.00001,0.00001,0.00001,0.00001,0.00001,0.00001,0.00001,0.00001,0.00001,0.00001,0.00001,0.00001,0.00001,0.00001,0.00001,0.00001,0.020875,0.000018,0.00001,0.045409,0.933378,0.00001,0.00001,0.00001,0.00001,0.00001,0.00001,0.00001,0.00001,0.00001,0.00001,0.00001,0.00001,0.00001
4559,I0442,Asia,North Asia,7783,7K-8K,2800-2000 BCE,4350,53.38,52.12,0.00001,0.00001,0.00001,0.00001,0.00001,0.222085,0.170973,0.00001,0.00001,0.00001,0.00001,0.035474,0.231118,0.000863,0.00001,0.00001,0.00001,0.001273,0.132988,0.00001,0.00001,0.00001,0.00001,0.08032,0.001683,0.00001,0.023038,0.091324,0.00001,0.00001,0.00862,0.00001,0.00001,0.00001
8262,I5873_published,Europe,East Europe,7787,7K-8K,"5472-5315 calBCE (6400¡À25 BP, PSUAMS-2809)",7334,47.9543,35.3893,0.022835,0.00001,0.00001,0.01879,0.00001,0.016067,0.00001,0.00001,0.00001,0.00001,0.00001,0.552387,0.358143,0.000017,0.00001,0.006989,0.00001,0.018513,0.00001,0.00001,0.000013,0.005056,0.00001,0.00001,0.00001,0.000017,0.00001,0.00001,0.00001,0.00001,0.000933,0.00001,0.000011,0.00001
8747,I7002,Asia,West Asia,7857,7K-8K,2000-1550 BCE,3725,32.032436,34.890611,0.00001,0.00001,0.00001,0.00001,0.006078,0.00001,0.00001,0.00001,0.020866,0.00001,0.00001,0.056966,0.00001,0.00001,0.00001,0.00001,0.00002,0.00001,0.00001,0.014013,0.00001,0.00001,0.871067,0.030694,0.00001,0.00001,0.00001,0.00001,0.00001,0.00001,0.000016,0.00001,0.00001,0.00001
12560,WGH35-1,Asia,East Asia,7873,7K-8K,3550-3050 BCE ,5250,34.8191841,113.3959228,0.00001,0.00001,0.00001,0.007495,0.00001,0.00001,0.00001,0.00001,0.00001,0.356202,0.000019,0.00001,0.00001,0.00001,0.000014,0.00001,0.00001,0.00001,0.00001,0.00001,0.592579,0.000016,0.00001,0.00001,0.00001,0.00001,0.00001,0.00001,0.01013,0.00001,0.016745,0.00001,0.00001,0.00001
4452,I2967.SG,Africa,East Africa,7891,7K-8K,"6222-5925 calBCE (7230¡À60 BP, PSUAMS-2535)",8018,-11.659928,33.641921,0.021017,0.013885,0.048969,0.00001,0.229574,0.00001,0.00001,0.00001,0.423663,0.00001,0.00001,0.00001,0.00001,0.019297,0.00001,0.027877,0.000011,0.000012,0.013218,0.026628,0.034657,0.00001,0.00001,0.00001,0.00001,0.00001,0.00001,0.00001,0.00001,0.00001,0.00001,0.032782,0.007761,0.00001
5115,I2268,America,South America,7926,7K-8K,"2400-2015 calBCE (3971¡À22 BP, MAMS-27355)",4150,-7.914978,-79.305486,0.000014,0.00001,0.00001,0.00001,0.00001,0.003546,0.00001,0.00001,0.00001,0.000012,0.00001,0.00001,0.00001,0.00001,0.081922,0.008438,0.010088,0.00001,0.00001,0.020061,0.00001,0.000017,0.009777,0.00001,0.844309,0.008777,0.00001,0.00001,0.00001,0.00001,0.00001,0.00001,0.00001,0.012797
8746,I6928,Asia,West Asia,7929,7K-8K,2000-1550 BCE,3725,32.032436,34.890611,0.00001,0.00001,0.00002,0.00001,0.00001,0.00001,0.000019,0.000019,0.036786,0.00001,0.00001,0.00001,0.00001,0.00001,0.000018,0.00001,0.008431,0.00001,0.00001,0.00001,0.02646,0.00001,0.871662,0.000015,0.002815,0.000011,0.053504,0.00001,0.00001,0.00001,0.00001,0.00001,0.00001,0.00001
10490,STR491.SG,Europe,West Europe,7956,7K-8K,510-530 CE,1430,48.89,12.57,0.004303,0.00001,0.000012,0.00001,0.004355,0.00001,0.00001,0.035601,0.014207,0.00001,0.00001,0.00001,0.02033,0.000017,0.00001,0.000018,0.00001,0.00001,0.00001,0.00001,0.008217,0.009588,0.00001,0.00001,0.00001,0.00001,0.00001,0.00001,0.00001,0.038556,0.004895,0.00001,0.856955,0.00001
3933,I1135,Asia,Southeast Asia,7958,7K-8K,"1876-1687 calBCE (3445¡À20 BP, PSUAMS-2409)",3715,20.13333333,105.9833333,0.025612,0.00001,0.00001,0.00001,0.00001,0.00001,0.00001,0.00001,0.009004,0.00001,0.034224,0.00001,0.00001,0.00001,0.029819,0.00001,0.006597,0.032038,0.00001,0.001788,0.721817,0.00001,0.054152,0.062065,0.00001,0.010446,0.00001,0.00001,0.012197,0.00001,0.00001,0.00001,0.00001,0.00001
12796,VK158.SG,Asia,North Asia,7983,7K-8K,900-1100 CE,950,57.81,28.34,0.00001,0.00001,0.058909,0.00001,0.00001,0.00001,0.03556,0.530121,0.00001,0.00001,0.000015,0.059034,0.00001,0.032052,0.00001,0.00001,0.00001,0.00001,0.012528,0.00001,0.00001,0.006215,0.014267,0.00001,0.00001,0.00001,0.00001,0.00001,0.00001,0.00001,0.060658,0.00001,0.190391,0.00001
8882,I7588,Europe,South Europe,7989,7K-8K,2900-2500 BCE,4650,37.24,-4.24,0.00001,0.00001,0.00001,0.02605,0.00001,0.00001,0.00001,0.00001,0.00001,0.00001,0.000011,0.00001,0.00001,0.041232,0.00001,0.00001,0.00001,0.004586,0.00001,0.041111,0.00884,0.00001,0.00001,0.048385,0.00001,0.366258,0.030031,0.371147,0.00001,0.00001,0.040259,0.00001,0.012176,0.009684
8485,I3209,Europe,South Europe,7998,7K-8K,"5978-5773 calBCE (6980¡À25 BP, PSUAMS-4414)",7815,40.41819566,-0.11675,0.00001,0.00001,0.039909,0.000018,0.00001,0.00001,0.00001,0.00001,0.00001,0.00001,0.00001,0.00001,0.00001,0.00001,0.00001,0.008228,0.00001,0.025271,0.00001,0.00001,0.000019,0.00001,0.00001,0.030102,0.00001,0.000012,0.733957,0.00001,0.00001,0.000015,0.161646,0.00001,0.00001,0.00001
12185,pcw110.SG,Europe,East Europe,8028,8K-9K,2500-2200 BCE,4300,50.011944,22.594167,0.000013,0.00001,0.047349,0.023945,0.00001,0.041474,0.00001,0.015209,0.020171,0.00001,0.00001,0.00001,0.826819,0.00001,0.00001,0.00001,0.00001,0.00001,0.00001,0.004962,0.00001,0.00001,0.013677,0.00001,0.00001,0.00001,0.00001,0.00001,0.00001,0.00001,0.00001,0.00001,0.001702,0.00001
8955,MAL008,Oceania,Oceania,8055,8K-9K,"399-196 calBCE (2310¡À33 BP, Wk-30885)",2238,-16.07388056,167.4477861,0.00001,0.00001,0.00001,0.005447,0.00001,0.00001,0.00001,0.00001,0.00001,0.00001,0.00001,0.00001,0.00001,0.00001,0.000014,0.00001,0.00001,0.00001,0.00001,0.97839,0.015827,0.00001,0.00001,0.00001,0.00001,0.00001,0.000012,0.00001,0.00001,0.00001,0.00001,0.00001,0.00001,0.00001
4660,I0979,America,South America,8056,8K-9K,650-1000 CE,1125,-16.55,-68.66666667,0.00001,0.00001,0.00001,0.00001,0.00001,0.00001,0.00001,0.00001,0.00001,0.00001,0.00001,0.00001,0.00001,0.0116,0.00001,0.000841,0.00001,0.00001,0.00001,0.0031,0.00001,0.00001,0.00001,0.00001,0.959876,0.00001,0.00001,0.00001,0.024273,0.00001,0.00001,0.00001,0.00001,0.00001
12596,L5698_d,Asia,East Asia,8080,8K-9K,2460-2206 calBCE (3860¡À30 BP),4287,26.2,119.1,0.00001,0.117998,0.017823,0.008867,0.00001,0.014139,0.00001,0.00001,0.026505,0.087029,0.00001,0.00001,0.00001,0.00001,0.00001,0.000013,0.00001,0.000016,0.00001,0.06157,0.602685,0.040938,0.00001,0.016285,0.00001,0.00001,0.00001,0.00001,0.00001,0.00001,0.00001,0.002274,0.00001,0.00001
12786,VK148.SG,Europe,West Europe,8095,8K-9K,880-1000 CE,1010,51.76,-1.26,0.00001,0.00001,0.006661,0.00001,0.007015,0.00001,0.00001,0.00001,0.00001,0.00001,0.000017,0.00001,0.00001,0.011113,0.00001,0.009826,0.00001,0.00001,0.029472,0.00001,0.00001,0.016539,0.00001,0.00001,0.00001,0.00001,0.00001,0.00001,0.00001,0.00001,0.00001,0.00001,0.911555,0.005455
11506,I11542_published,Asia,Central Asia,8114,8K-9K,1500-1100 BCE,3250,51.00611389,57.92825278,0.00001,0.00001,0.00001,0.00001,0.00001,0.079086,0.742106,0.00001,0.00001,0.00001,0.00001,0.000012,0.00001,0.00001,0.00001,0.017388,0.00001,0.00001,0.00001,0.00001,0.00001,0.00001,0.158659,0.00001,0.002449,0.00001,0.00001,0.00001,0.00001,0.00001,0.00001,0.00001,0.00001,0.00001
11628,AITI_36,Europe,West Europe,8144,8K-9K,"2011-1773 calBCE (3552¡À27 BP, MAMS-21568)",3836,48.22281,10.84499,0.00001,0.00001,0.040772,0.00001,0.00001,0.042258,0.175298,0.00001,0.014145,0.00001,0.146423,0.01985,0.110338,0.00001,0.00001,0.00001,0.00001,0.00001,0.00001,0.00001,0.00001,0.00001,0.00001,0.054149,0.00001,0.142055,0.028825,0.00001,0.00001,0.095055,0.035242,0.00001,0.053514,0.041857
8904,I7645,Europe,South Europe,8184,8K-9K,3990-3550 calBCE (MAMS-16340),5720,38.7025,-0.48631,0.00001,0.00001,0.00001,0.00001,0.00001,0.00001,0.00001,0.00001,0.013032,0.00001,0.011938,0.00001,0.00001,0.00214,0.00001,0.013752,0.00001,0.00001,0.00001,0.00001,0.000016,0.00001,0.00001,0.053349,0.00001,0.703782,0.090393,0.00001,0.00001,0.074439,0.019151,0.00001,0.00001,0.017756
10578,PS-02.SG,America,North America,8215,8K-9K,100-700 CE,1550,34.901389,-120.648056,0.00001,0.00001,0.00001,0.00001,0.00001,0.000016,0.000014,0.00001,0.00001,0.00001,0.00001,0.00001,0.00001,0.00001,0.030461,0.00001,0.00001,0.00001,0.00001,0.00001,0.00001,0.969182,0.00001,0.00001,0.00001,0.00001,0.00001,0.00001,0.00001,0.00001,0.00001,0.00001,0.000016,0.00001
4613,I0456,Europe,South Europe,8229,8K-9K,3000-2100 BCE,4500,38.1,-1.85,0.00001,0.00001,0.013011,0.00001,0.00001,0.00001,0.00001,0.00001,0.00001,0.024127,0.160541,0.00001,0.012213,0.000019,0.00001,0.00001,0.00001,0.013584,0.00001,0.00001,0.00001,0.00001,0.00001,0.00001,0.00001,0.596921,0.048407,0.00001,0.00001,0.04453,0.057142,0.000671,0.00001,0.028594
9175,I8528,Asia,Central Asia,8243,8K-9K,3400-2800 BCE,5050,37.1907,61.0343,0.00001,0.00001,0.00001,0.00001,0.00001,0.030065,0.034139,0.00001,0.00001,0.00001,0.00001,0.018571,0.00001,0.00001,0.00001,0.00001,0.00001,0.011252,0.00001,0.00001,0.00001,0.00001,0.136958,0.740899,0.00001,0.00001,0.00001,0.021653,0.00001,0.00001,0.00001,0.006183,0.00001,0.00001
11552,M4.SG,Asia,East Asia,8259,8K-9K,379-197 calBCE (2215¡À25 BP),2227,43.6097,93.1667,0.033479,0.09666,0.000533,0.00001,0.002558,0.124816,0.176953,0.132679,0.023936,0.035105,0.00001,0.013961,0.107839,0.05323,0.00001,0.00001,0.00001,0.00001,0.00001,0.00001,0.022345,0.00497,0.00001,0.14368,0.00001,0.00001,0.006534,0.00001,0.00001,0.00001,0.00001,0.00319,0.009582,0.00001
12563,WGM43,Asia,East Asia,8265,8K-9K,3550-3050 BCE ,5250,34.8191841,113.3959228,0.00001,0.00001,0.00001,0.00001,0.00001,0.00001,0.00001,0.00001,0.001671,0.437187,0.00001,0.00001,0.00001,0.00001,0.000014,0.00001,0.00283,0.024277,0.00001,0.00001,0.492876,0.036655,0.00001,0.00001,0.00001,0.00001,0.00001,0.00001,0.00001,0.00001,0.00001,0.00001,0.00001,0.004209
4865,RISE21.SG,Europe,North Europe,8309,8K-9K,"1426-1272 calBCE (3092¡À29 BP, OxA-28047)",3301,55.55,12.209,0.00001,0.00001,0.00001,0.00001,0.000432,0.028007,0.04192,0.034736,0.00001,0.00001,0.057458,0.00001,0.129127,0.00986,0.013388,0.00001,0.00001,0.000014,0.460602,0.00001,0.00001,0.000016,0.028402,0.00001,0.00001,0.00001,0.104926,0.00001,0.00001,0.000018,0.00002,0.002051,0.088833,0.00001
12831,VK196.SG,America,North America,8316,8K-9K,"771-957 calCE (1183¡À29 BP, AAR-5258)",1103,64.25,-50.1,0.00001,0.00001,0.00001,0.00001,0.00001,0.00001,0.00001,0.00001,0.00001,0.00001,0.00001,0.00001,0.00001,0.00001,0.00001,0.00001,0.00001,0.99965,0.00001,0.00001,0.00001,0.00001,0.00001,0.00001,0.00001,0.00001,0.00001,0.00001,0.00001,0.00001,0.00001,0.00001,0.00001,0.00001
12317,S97.EC,Asia,East Asia,8345,8K-9K,3400-2800 BCE,5050,37.82060368,109.0505931,0.00001,0.021304,0.00001,0.001531,0.00001,0.00001,0.00001,0.00001,0.00001,0.476974,0.000016,0.00001,0.00001,0.00001,0.00001,0.00001,0.00001,0.005605,0.00001,0.022738,0.400164,0.00001,0.00001,0.00001,0.00001,0.000017,0.006331,0.042816,0.020746,0.00001,0.00001,0.00001,0.001518,0.00001
5020,ATP3.SG,Europe,South Europe,8363,8K-9K,"3516-3365 calBCE (4650¡À30 BP, Beta-368281)",5397,42.3525,-3.518333333,0.00001,0.00001,0.00001,0.00001,0.00001,0.00001,0.000015,0.042787,0.00001,0.00001,0.00001,0.00001,0.00001,0.023638,0.00001,0.000017,0.00001,0.00001,0.227642,0.000702,0.00001,0.00001,0.00001,0.00001,0.00001,0.171249,0.050502,0.080052,0.00001,0.223152,0.039016,0.00001,0.074059,0.040268
9051,I10361,Asia,West Asia,8388,8K-9K,1600-1500 BCE,3500,32.58472222,35.01694444,0.00001,0.02756,0.007331,0.00001,0.00001,0.014114,0.00001,0.00001,0.00001,0.00001,0.00001,0.00001,0.00001,0.00001,0.00001,0.00001,0.00001,0.00001,0.0299,0.00001,0.00001,0.00001,0.770593,0.118426,0.00001,0.00001,0.011574,0.00001,0.00001,0.00001,0.00346,0.00001,0.00001,0.016771
10800,I12293,Asia,Central Asia,8417,8K-9K,200 BCE - 100 CE,2000,37.41563,68.17371,0.002571,0.009773,0.009595,0.00001,0.002107,0.055787,0.00001,0.00001,0.016978,0.025439,0.00001,0.014275,0.195949,0.00001,0.00001,0.000016,0.00001,0.00001,0.00001,0.00001,0.0206,0.00001,0.215248,0.353856,0.00001,0.00001,0.00001,0.00001,0.00001,0.042681,0.004526,0.00001,0.00001,0.030401
12598,L5703_d,Asia,East Asia,8484,8K-9K,2850-2488 calBCE (4070¡À30 BP),4571,26.2,119.1,0.061901,0.029751,0.002734,0.014042,0.00001,0.00001,0.00001,0.00001,0.00001,0.078787,0.00001,0.00001,0.00001,0.022658,0.00001,0.00001,0.00001,0.009959,0.00001,0.085976,0.603583,0.025069,0.05044,0.002957,0.00001,0.00001,0.00001,0.00001,0.000019,0.00001,0.00001,0.002969,0.00001,0.00001
12304,TIT025,Asia,West Asia,8530,8K-9K,2200-2100 BCE,4100,37.4759306,38.6783333,0.00001,0.00001,0.00001,0.00001,0.00001,0.00001,0.038814,0.113979,0.00001,0.00001,0.104647,0.00001,0.00001,0.02944,0.00001,0.000013,0.00001,0.00001,0.00001,0.00001,0.00001,0.00001,0.173248,0.146428,0.00001,0.229088,0.00001,0.164073,0.00001,0.00001,0.00001,0.00001,0.00001,0.00001
4860,Ire8.SG,Europe,North Europe,8532,8K-9K,3100-2150 BCE,4575,57.833,18.6,0.010249,0.011621,0.022745,0.00001,0.00001,0.001307,0.00001,0.090186,0.03432,0.00001,0.00001,0.220302,0.017731,0.066121,0.00001,0.009585,0.020954,0.000012,0.00001,0.00001,0.00001,0.00001,0.00001,0.00001,0.00001,0.00001,0.166505,0.00001,0.00001,0.00001,0.08628,0.013044,0.213031,0.00001
8931,I7674,Europe,South Europe,8538,8K-9K,785-810 CE,1153,41.981377,2.309824,0.00001,0.00001,0.000013,0.00001,0.010722,0.050611,0.026279,0.00001,0.00001,0.00001,0.018996,0.00001,0.00001,0.00001,0.00001,0.00001,0.008457,0.00001,0.00001,0.00001,0.00001,0.00001,0.023017,0.028751,0.00001,0.143367,0.131238,0.404834,0.00001,0.112233,0.041254,0.00001,0.00001,0.00001
5533,I4665_published,Europe,South Europe,8542,8K-9K,"6205-5907 calBCE (7155¡À54 BP, OxA-25210)",8006,44.552924,22.027563,0.00001,0.00001,0.00001,0.00001,0.00001,0.00001,0.00001,0.000013,0.014779,0.00001,0.269049,0.00001,0.033597,0.00001,0.00001,0.00001,0.00001,0.015996,0.00001,0.00001,0.00001,0.00001,0.05725,0.00001,0.00001,0.368968,0.00001,0.059066,0.00001,0.181012,0.00001,0.00001,0.00001,0.00001
4518,ANI152,Europe,East Europe,8548,8K-9K,"4678-4371 calBCE [union of two dates: 4678-4458 calBCE (5720¡À29 BP, OxA 13685); 4580-4371 calBCE (5662¡À27 BP, MAMS-15095)]",6475,43.2131,27.8644,0.00001,0.00001,0.00001,0.00001,0.00001,0.00001,0.026264,0.00001,0.00001,0.00001,0.638803,0.00001,0.199054,0.00001,0.044045,0.007695,0.00001,0.00001,0.00001,0.00001,0.00001,0.00001,0.066518,0.017313,0.00001,0.00001,0.000016,0.000017,0.00001,0.00001,0.000014,0.00001,0.00001,0.00001
5428,I2763,Europe,East Europe,8550,8K-9K,"3363-3101 calBCE (4528¡À31 BP, DeA-14662)",5172,46.665765,17.270774,0.00001,0.00001,0.002578,0.00001,0.00001,0.009031,0.00001,0.014221,0.00001,0.00001,0.594933,0.00001,0.00001,0.00001,0.000011,0.00001,0.000019,0.013375,0.00001,0.00001,0.004811,0.00001,0.107331,0.00638,0.00001,0.183866,0.00001,0.063203,0.00001,0.00001,0.00001,0.00001,0.00001,0.00001
12307,18R21262.EC,Asia,East Asia,8651,8K-9K,3400-2800 BCE,5050,37.82060368,109.0505931,0.00001,0.057931,0.000018,0.0073,0.014211,0.00001,0.00001,0.00892,0.00001,0.566792,0.00001,0.000017,0.00001,0.00001,0.00001,0.000018,0.000017,0.000014,0.00001,0.02521,0.289428,0.011102,0.00001,0.00001,0.000012,0.00001,0.00001,0.00001,0.00001,0.016432,0.000017,0.002371,0.00001,0.00001
5050,I2359,Europe,East Europe,8689,8K-9K,5000-4500 BCE,6700,47.45925,20.51282,0.00001,0.00001,0.001184,0.00001,0.00001,0.00001,0.00001,0.00001,0.00001,0.006,0.871934,0.000019,0.00001,0.00001,0.00001,0.00001,0.00001,0.025746,0.00001,0.00001,0.00001,0.00001,0.00001,0.00001,0.00001,0.00001,0.064248,0.00001,0.00001,0.00001,0.015434,0.00001,0.013705,0.00001
8822,I0980,Asia,North Asia,8696,8K-9K,2050-1700 BCE,3825,52.81666667,60.46666667,0.00001,0.00001,0.00001,0.00001,0.00001,0.572498,0.199484,0.027202,0.00001,0.00001,0.00001,0.003338,0.004911,0.00001,0.00001,0.00001,0.00001,0.000012,0.00001,0.00001,0.00001,0.063586,0.00001,0.005547,0.00001,0.00001,0.003704,0.00001,0.00001,0.00001,0.011475,0.00001,0.107992,0.00001
12305,I10334,America,Middle America,8717,8K-9K,1300 BCE - 200 CE,2500,17.87,-71.64545833,0.00001,0.00001,0.00001,0.000011,0.00001,0.00001,0.00001,0.000016,0.00001,0.018978,0.00001,0.005637,0.00001,0.000017,0.15384,0.793963,0.015511,0.00001,0.00001,0.002532,0.000018,0.003696,0.00001,0.00001,0.00001,0.00001,0.00001,0.00001,0.000016,0.00001,0.003861,0.00001,0.00001,0.001684
11459,NEO234.SG,Asia,North Asia,8770,8K-9K,"975-801 calBCE (2714¡À44 BP, UBA-34048)",2818,66.157,-169.798,0.00001,0.00001,0.00001,0.99965,0.00001,0.00001,0.00001,0.00001,0.00001,0.00001,0.00001,0.00001,0.00001,0.00001,0.00001,0.00001,0.00001,0.00001,0.00001,0.00001,0.00001,0.00001,0.00001,0.00001,0.00001,0.00001,0.00001,0.00001,0.00001,0.00001,0.00001,0.00001,0.00001,0.00001
12901,VK270.SG,Europe,North Europe,8778,8K-9K,800-1100 CE,1000,57.18,13.93,0.00001,0.00001,0.010146,0.00001,0.002901,0.00001,0.00001,0.06121,0.018721,0.00001,0.02677,0.00001,0.006323,0.043707,0.00001,0.00001,0.00001,0.00001,0.778668,0.016141,0.00001,0.002978,0.00001,0.00001,0.00001,0.00001,0.00001,0.00001,0.00001,0.00001,0.016324,0.00001,0.010376,0.00001
10584,PS-17.SG,America,North America,8785,8K-9K,100-700 CE,1550,34.901389,-120.648056,0.00001,0.000015,0.000018,0.00001,0.00001,0.00001,0.00001,0.00001,0.00001,0.00001,0.00001,0.00001,0.00001,0.000018,0.00001,0.00001,0.00001,0.000014,0.000012,0.00001,0.00001,0.999622,0.00001,0.00001,0.00001,0.00001,0.00001,0.00001,0.00001,0.00001,0.00001,0.00001,0.00001,0.00001
9254,I8212,Europe,South Europe,8794,8K-9K,500-350 BCE,2375,42.1333,3.1083,0.00001,0.00001,0.00001,0.00001,0.00001,0.081412,0.00001,0.00001,0.00001,0.00001,0.121402,0.00001,0.00001,0.00001,0.00001,0.010216,0.00001,0.00001,0.00001,0.00001,0.00001,0.00001,0.00001,0.00001,0.00001,0.000019,0.166479,0.529029,0.00001,0.00001,0.000011,0.00001,0.086854,0.000124
11104,I14772,Asia,North Asia,8815,8K-9K,3750-3600 BCE,5625,42.78944444,131.2761111,0.00001,0.999644,0.000016,0.00001,0.00001,0.00001,0.00001,0.00001,0.00001,0.00001,0.00001,0.00001,0.00001,0.00001,0.00001,0.00001,0.00001,0.00001,0.00001,0.00001,0.00001,0.00001,0.00001,0.00001,0.00001,0.00001,0.00001,0.00001,0.00001,0.00001,0.00001,0.00001,0.00001,0.00001
12722,CAK534.SG,Europe,West Europe,8820,8K-9K,3100-2600 BCE,4800,54.058617,-8.382059,0.000015,0.00001,0.00001,0.00001,0.00001,0.000016,0.00001,0.00001,0.00001,0.00001,0.00001,0.021057,0.00001,0.016285,0.00001,0.00001,0.00001,0.00001,0.018788,0.00001,0.00001,0.00001,0.00001,0.00001,0.00001,0.000016,0.00001,0.000012,0.00001,0.696973,0.06109,0.00001,0.185489,0.00001
12595,L5696_d,Asia,East Asia,8846,8K-9K,2600-2200 BCE,4350,26.2,119.1,0.061076,0.125717,0.022231,0.025794,0.010923,0.04093,0.00001,0.00001,0.040783,0.00001,0.00001,0.00001,0.00001,0.00001,0.00001,0.000019,0.000014,0.000016,0.00001,0.030738,0.615448,0.00001,0.00001,0.00001,0.00001,0.00001,0.00001,0.00001,0.011851,0.00001,0.00001,0.00001,0.00001,0.00001
12284,IKI019,Asia,West Asia,8861,8K-9K,3500-3100 BCE,5250,41.6136944,35.8711361,0.00001,0.00001,0.025214,0.00001,0.00001,0.00001,0.00001,0.087334,0.00001,0.00001,0.385861,0.00001,0.00001,0.000012,0.00001,0.00001,0.00001,0.00001,0.00001,0.00001,0.00001,0.00001,0.188862,0.163907,0.00001,0.00001,0.00001,0.121973,0.00001,0.00001,0.00001,0.00001,0.00001,0.026556
8650,I1687_published,Asia,West Asia,8888,8K-9K,"11541-11150 calBCE (11405¡À120 BP, RTK-6607)",13293,32.65,35.067,0.00001,0.00001,0.00001,0.00001,0.00001,0.00001,0.00001,0.00001,0.084572,0.00002,0.00001,0.00001,0.00001,0.00001,0.00001,0.00001,0.00001,0.00001,0.00001,0.00002,0.012147,0.00001,0.870367,0.00001,0.00001,0.00001,0.00001,0.00001,0.00001,0.00001,0.00001,0.00001,0.00001,0.026556
8278,I5951_published,Oceania,Oceania,8890,8K-9K,"970-770 calBCE (2955¡À20 BP, PSUAMS-2411)",2820,-17.786,168.37,0.00001,0.00001,0.00001,0.000017,0.00001,0.00001,0.00001,0.00001,0.00001,0.004656,0.00001,0.00001,0.00001,0.00001,0.00001,0.00001,0.004873,0.00001,0.00001,0.542798,0.447346,0.00001,0.00001,0.00001,0.00001,0.00001,0.00001,0.00001,0.00001,0.00001,0.00001,0.00001,0.00001,0.00001
4875,RISE145.SG,Europe,East Europe,8914,8K-9K,"2191-1956 calBCE (3677¡À31 BP, UB-16564)",4015,50.913,17.177,0.00001,0.00001,0.017954,0.00001,0.00001,0.00001,0.112848,0.053801,0.049245,0.00001,0.126682,0.00001,0.541237,0.060893,0.00001,0.00001,0.00001,0.000012,0.00001,0.00001,0.00001,0.021156,0.00001,0.00001,0.00001,0.00001,0.00001,0.00001,0.00001,0.00001,0.00001,0.00001,0.006236,0.00001
5316,I4252_published,Europe,East Europe,8959,8K-9K,"2287-2140 calBCE (3780¡À20 BP, PSUAMS-2338)",4155,50.649,20.656,0.00001,0.00001,0.00001,0.00001,0.00001,0.00001,0.00001,0.00001,0.00001,0.00001,0.423368,0.023756,0.305068,0.000016,0.00001,0.000017,0.00001,0.004621,0.00001,0.00001,0.00001,0.00001,0.00001,0.063889,0.00001,0.088966,0.060861,0.00001,0.00001,0.00001,0.00001,0.00001,0.00001,0.029177
4550,I2460,Europe,West Europe,8976,8K-9K,"2024-1782 calBCE (3575¡À27 BP, SUERC-53041)",3875,51.16,-1.77,0.00001,0.000012,0.00001,0.00001,0.00001,0.085222,0.220633,0.116536,0.00001,0.00001,0.029434,0.078796,0.138419,0.00001,0.000012,0.00001,0.00001,0.030373,0.078856,0.00001,0.00001,0.00001,0.11223,0.02459,0.00001,0.031451,0.038507,0.00001,0.00001,0.00001,0.00001,0.00001,0.00001,0.014719
4757,I0721_published,America,North America,9106,9K-10K,"350 calBCE - 110 calCE (2838¡À48 BP, AA-46421)",2070,52.9883684,-168.8205659,0.00001,0.00001,0.00001,0.00001,0.00001,0.00001,0.00001,0.00001,0.00001,0.00001,0.00001,0.00001,0.00001,0.00001,0.00001,0.00001,0.99965,0.00001,0.00001,0.00001,0.00001,0.00001,0.00001,0.00001,0.00001,0.00001,0.00001,0.00001,0.00001,0.00001,0.00001,0.00001,0.00001,0.00001
10601,SN-09.SG,America,North America,9129,9K-10K,3700 BCE - 1300 CE,3150,33.264278,-119.539,0.00001,0.00001,0.00001,0.00001,0.00001,0.000016,0.00001,0.00001,0.00001,0.00001,0.00001,0.00001,0.00001,0.00001,0.00001,0.00001,0.00001,0.00001,0.00001,0.00001,0.00001,0.999643,0.00001,0.00001,0.00001,0.00001,0.00001,0.00001,0.00001,0.00001,0.000011,0.00001,0.00001,0.00001
10910,In661.WGC,Asia,Southeast Asia,9156,9K-10K,"30-209 calCE (1917¡À25 BP, OxA-35441)",1827,4.6454,96.856,0.00001,0.00001,0.00001,0.00001,0.00001,0.00001,0.007737,0.00001,0.017872,0.074547,0.00001,0.00001,0.00001,0.00001,0.00001,0.00001,0.00001,0.00001,0.025384,0.013809,0.767076,0.00001,0.00001,0.01353,0.00001,0.00001,0.017098,0.00001,0.00001,0.00001,0.000016,0.00001,0.049968,0.012567
10457,AED125b.SG,Europe,West Europe,9171,9K-10K,385-537 calCE (1636¡À20 BP),1498,48.296,11.903,0.00001,0.00001,0.001306,0.00001,0.00001,0.00001,0.000016,0.03638,0.00001,0.00001,0.097969,0.00001,0.00001,0.00001,0.00001,0.00001,0.00001,0.025493,0.00001,0.00001,0.005603,0.00001,0.00001,0.00001,0.00001,0.00001,0.00001,0.00001,0.00001,0.00001,0.00001,0.002709,0.816777,0.009069
8488,I4245,Europe,South Europe,9197,9K-10K,"2461-2240 calBCE (3875¡À20 BP, PSUAMS-2320)",4316,40.426,-3.535,0.00001,0.00001,0.00001,0.00001,0.002146,0.019024,0.00001,0.00001,0.00001,0.00001,0.007271,0.00001,0.00001,0.007188,0.00001,0.00001,0.00001,0.000018,0.00001,0.00001,0.00001,0.00001,0.00001,0.00001,0.00001,0.821421,0.081582,0.00001,0.00001,0.00001,0.00001,0.00001,0.031056,0.030023
8124,I1183_published_d,Asia,West Asia,9208,9K-10K,4500-3500 BCE,5950,32.974167,35.331389,0.00001,0.00001,0.008499,0.00001,0.00001,0.00001,0.00001,0.00001,0.027149,0.000013,0.00001,0.000018,0.00001,0.000017,0.00001,0.005656,0.00001,0.00001,0.00001,0.011761,0.00001,0.00001,0.904142,0.00001,0.00001,0.038375,0.00001,0.00001,0.00001,0.00001,0.00001,0.00411,0.00001,0.00001
12830,VK193.SG,America,North America,9258,9K-10K,900-1200 CE,900,61.18,-45.68,0.00001,0.00001,0.00001,0.00001,0.00001,0.00001,0.00001,0.00001,0.00001,0.00001,0.00001,0.00001,0.00001,0.00001,0.00001,0.00001,0.00001,0.99965,0.00001,0.00001,0.00001,0.00001,0.00001,0.00001,0.00001,0.00001,0.00001,0.00001,0.00001,0.00001,0.00001,0.00001,0.00001,0.00001
5294,I4156,Asia,Central Asia,9272,9K-10K,1600-1300 BCE,3400,37.66666667,67,0.00001,0.00001,0.00001,0.00001,0.00001,0.026645,0.00001,0.00001,0.00001,0.00001,0.00001,0.01555,0.008913,0.00001,0.00001,0.012699,0.00001,0.00001,0.00001,0.00001,0.00001,0.00001,0.209716,0.726177,0.00001,0.00001,0.00001,0.00001,0.00001,0.00001,0.00001,0.00001,0.00001,0.00001
12520,BLSM41,Asia,East Asia,9292,9K-10K,3550-3050 BCE ,5250,41.4146691,120.2743518,0.00001,0.011756,0.00001,0.00001,0.00001,0.00001,0.00001,0.00001,0.013022,0.51846,0.00001,0.00001,0.00001,0.00001,0.00001,0.00001,0.00001,0.00001,0.00001,0.00001,0.444314,0.00001,0.00001,0.00001,0.00001,0.00001,0.00001,0.00001,0.00001,0.00001,0.00001,0.00001,0.00001,0.00001
4934,RISE524.SG,Asia,North Asia,9298,9K-10K,1300-800 BCE,3000,53.043,57.066,0.00001,0.097662,0.163094,0.000014,0.000013,0.113912,0.341619,0.189511,0.003004,0.00001,0.00001,0.00001,0.001925,0.010913,0.00001,0.00001,0.005286,0.00483,0.031218,0.002325,0.021239,0.013231,0.00001,0.00001,0.00001,0.00001,0.00001,0.00001,0.00001,0.00001,0.000015,0.00001,0.00001,0.00001
12012,MA87,Europe,South Europe,9308,9K-10K,"1191-922 calBCE (2865¡À35 BP, SUERC-38110)",2988,39.87,9.2356,0.00001,0.00001,0.012373,0.00001,0.00002,0.00001,0.015391,0.018938,0.00001,0.00001,0.056486,0.036035,0.00001,0.002594,0.00001,0.00001,0.00001,0.032453,0.038551,0.021414,0.00001,0.00663,0.00001,0.00001,0.00001,0.36831,0.00001,0.00001,0.00001,0.236475,0.043896,0.00001,0.022253,0.026149
9133,I8147,Europe,South Europe,9311,9K-10K,1300-1500 CE,550,37.1461,-3.5913,0.00001,0.00001,0.012485,0.00001,0.003713,0.059748,0.016338,0.00001,0.062762,0.00001,0.030624,0.00001,0.00001,0.008354,0.00001,0.00001,0.00001,0.00001,0.00001,0.000012,0.00001,0.00001,0.00001,0.071089,0.00001,0.102959,0.037439,0.504194,0.00001,0.086486,0.003578,0.00001,0.00001,0.00001
4874,RISE139.SG,Europe,East Europe,9324,9K-10K,"2137-1926 calBCE (3645¡À33 BP, Ua-44034)",3970,50.796,17.094,0.000014,0.00001,0.00001,0.00001,0.004121,0.00001,0.00001,0.00001,0.00001,0.00001,0.00001,0.00001,0.73095,0.026367,0.00001,0.00001,0.00001,0.00001,0.155699,0.007549,0.00001,0.017923,0.00001,0.00001,0.00001,0.00001,0.00001,0.00001,0.00001,0.00001,0.039555,0.00001,0.00001,0.013761
9114,I8045,Europe,South Europe,9346,9K-10K,1700-1300 BCE,3450,38.1988,-8.71,0.00001,0.00001,0.00001,0.00001,0.001248,0.0238,0.020031,0.00001,0.00001,0.00001,0.00001,0.00001,0.000191,0.00001,0.00001,0.000015,0.00001,0.021911,0.097118,0.00001,0.00001,0.00001,0.000015,0.000019,0.00001,0.539265,0.10986,0.104992,0.00001,0.046585,0.025451,0.00001,0.00001,0.007594
12676,LAV009,America,Middle America,9368,9K-10K,"1277-1380 calCE (691¡À17 BP, MAMS-39626)",646,14.091,-60.926,0.00001,0.00001,0.00001,0.019081,0.004407,0.00001,0.00002,0.00001,0.00001,0.00001,0.00001,0.00001,0.00001,0.00001,0.733144,0.000018,0.000012,0.00599,0.00001,0.00001,0.000011,0.00001,0.00001,0.00001,0.026749,0.00001,0.00001,0.00001,0.196214,0.00001,0.013557,0.00001,0.00001,0.00001
12863,VK228.SG,Europe,North Europe,9384,9K-10K,900-1300 CE,850,65.61,-17.16,0.00001,0.016008,0.016593,0.00001,0.00001,0.00001,0.00001,0.085763,0.00001,0.00001,0.00001,0.000018,0.00001,0.009821,0.00001,0.00001,0.00001,0.00001,0.701441,0.00001,0.00001,0.00001,0.00001,0.00001,0.00001,0.00001,0.040495,0.070785,0.00001,0.00001,0.000015,0.00001,0.058123,0.00001
8748,I6922,Asia,West Asia,9391,9K-10K,2000-1550 BCE,3725,32.032436,34.890611,0.00001,0.00001,0.011322,0.00001,0.004127,0.00001,0.021672,0.00001,0.00001,0.00001,0.00001,0.00001,0.00001,0.000018,0.00001,0.000012,0.00001,0.00001,0.00001,0.00001,0.00001,0.01573,0.808656,0.136787,0.00001,0.00001,0.00001,0.00001,0.00001,0.00001,0.00001,0.00001,0.00001,0.00001
12999,VK383.SG,Europe,North Europe,9427,9K-10K,850-900 CE,1075,55.95,10.2,0.00001,0.01499,0.00001,0.00001,0.006382,0.00001,0.008041,0.022908,0.00001,0.00001,0.00001,0.000016,0.00001,0.023341,0.00001,0.00001,0.00001,0.00001,0.631633,0.021787,0.00001,0.00001,0.09174,0.00001,0.00001,0.091475,0.00001,0.041093,0.00001,0.00001,0.00001,0.00445,0.024224,0.017699
11640,AITI_77B_d,Europe,West Europe,9436,9K-10K,"1890-1688 calBCE (3469¡À35 BP, MAMS-21585)",3743,48.22281,10.84499,0.00001,0.00001,0.00001,0.00001,0.00001,0.00001,0.18519,0.014605,0.015716,0.00001,0.226544,0.076177,0.087355,0.00001,0.00001,0.015727,0.00001,0.005087,0.084192,0.00001,0.00001,0.00001,0.00001,0.010718,0.00001,0.066561,0.00001,0.164342,0.00001,0.034667,0.00001,0.00001,0.00001,0.012899
11290,s19_IIIt_1.SG,Europe,East Europe,9499,9K-10K,1250-1450 CE,600,57.86,26.5894,0.00001,0.00001,0.004934,0.000015,0.00001,0.000017,0.00001,0.04717,0.00001,0.00001,0.00001,0.0147,0.665325,0.128868,0.00001,0.00001,0.00001,0.00001,0.00001,0.00001,0.00001,0.016226,0.00001,0.00001,0.00001,0.015387,0.00001,0.00001,0.00001,0.046116,0.009491,0.00001,0.027936,0.023583
9224,I3261,Asia,South Asia,9534,9K-10K,1200-800 BCE,2950,34.74319444,72.31421667,0.00001,0.007534,0.00001,0.00001,0.005783,0.091516,0.00001,0.00002,0.00001,0.048035,0.00001,0.00001,0.028286,0.00001,0.00001,0.00001,0.00001,0.000017,0.00001,0.000012,0.103207,0.00001,0.00001,0.647697,0.00001,0.00001,0.00001,0.01313,0.00001,0.00001,0.027521,0.004116,0.00001,0.020064
12496,ANG001,Asia,North Asia,9536,9K-10K,5373-5228 calBCE (6796¡À22 BP),7274,52.2145,104.348667,0.253286,0.357719,0.00001,0.074642,0.00001,0.008146,0.00001,0.00001,0.00001,0.209234,0.043967,0.00001,0.00001,0.00001,0.019293,0.00001,0.033434,0.00001,0.00001,0.00001,0.00001,0.00001,0.00001,0.00001,0.00001,0.00001,0.00001,0.00001,0.00001,0.00001,0.00001,0.00001,0.00001,0.00001
11705,WEHR_1192SkB_d,Europe,West Europe,9576,9K-10K,"1926-1769 calBCE (3523¡À18 BP, MAMS-18923)",3785,48.25283,10.80879,0.00001,0.00001,0.00001,0.000017,0.002211,0.00001,0.275452,0.000012,0.007856,0.00001,0.108679,0.08994,0.150342,0.012891,0.00001,0.00001,0.00001,0.006048,0.00001,0.00001,0.00001,0.00001,0.028619,0.00001,0.00001,0.069806,0.073698,0.087369,0.00001,0.061004,0.000014,0.00001,0.025853,0.00001
8701,I6048,Asia,North Asia,9642,9K-10K,"1732-1542 calBCE (3350¡À20 BP, PSUAMS-2918)",3573,55.51,77.05,0.00001,0.00001,0.00001,0.01491,0.006598,0.037628,0.740778,0.00001,0.00001,0.00001,0.00001,0.00001,0.00001,0.00001,0.00001,0.00001,0.00001,0.00001,0.00001,0.003781,0.00001,0.00001,0.105332,0.00001,0.00526,0.00001,0.081021,0.00001,0.004417,0.00001,0.00001,0.00001,0.00001,0.00001
11043,I8930_published,Africa,East Africa,9741,9K-10K,3300-1700 BCE,4450,-0.45,34.321,0.015056,0.012712,0.027227,0.00001,0.197995,0.028882,0.00001,0.0126,0.499238,0.00001,0.00001,0.00001,0.00001,0.00001,0.00001,0.00001,0.00001,0.026686,0.00001,0.026272,0.046074,0.00001,0.010892,0.00001,0.015496,0.00001,0.00001,0.00001,0.00001,0.00001,0.00001,0.029903,0.000826,0.00001
4833,MARC481.SG,America,North America,9743,9K-10K,1-800 CE,1550,50.7,-57.4,0.00001,0.00001,0.00001,0.00001,0.00001,0.00001,0.00001,0.00001,0.00001,0.00001,0.00001,0.00001,0.00001,0.00001,0.00001,0.00001,0.34582,0.634057,0.00001,0.00001,0.00001,0.00001,0.00001,0.00001,0.00001,0.00001,0.00001,0.00001,0.00001,0.00001,0.00001,0.00001,0.00001,0.019793
11495,I15159,Asia,East Asia,9745,9K-10K,1-800 CE,1550,24.32777778,121.7655556,0.00001,0.00001,0.006875,0.00001,0.00001,0.00001,0.00001,0.00001,0.00001,0.00001,0.00001,0.00001,0.00001,0.00001,0.000013,0.005564,0.000018,0.00001,0.00001,0.00001,0.985034,0.00001,0.00001,0.00001,0.00001,0.00001,0.00001,0.00001,0.00001,0.00001,0.000018,0.00001,0.00001,0.00001
9116,I8071,Asia,East Asia,9747,9K-10K,1-800 CE,1550,24.32777778,121.7655556,0.028859,0.00001,0.00001,0.00001,0.00001,0.00001,0.00001,0.000443,0.008949,0.00001,0.00001,0.00001,0.00001,0.00001,0.00001,0.024561,0.00001,0.00001,0.00001,0.00001,0.908189,0.00001,0.00001,0.026124,0.00001,0.00001,0.00001,0.00001,0.00001,0.00001,0.00001,0.00001,0.00001,0.00001
9337,DA208.SG,Asia,Central Asia,9773,9K-10K,1650-1850 CE,200,43.06861111,68.24888889,0.00001,0.00001,0.05491,0.017204,0.00001,0.107876,0.00001,0.699386,0.00001,0.013753,0.00001,0.00001,0.048644,0.006486,0.01854,0.00001,0.007443,0.00001,0.004726,0.00001,0.00001,0.00001,0.00001,0.00001,0.00001,0.00001,0.00001,0.00001,0.00001,0.00001,0.00001,0.00001,0.00001,0.020781
5390,I2569_published,Europe,West Europe,9814,9K-10K,"2140-1901 calBCE (3650¡À40 BP, SUERC-5318)",3978,55.99,-2.537,0.00001,0.02222,0.00001,0.000385,0.00001,0.00001,0.296345,0.017316,0.00001,0.00001,0.130357,0.0469,0.256839,0.000014,0.00001,0.00001,0.00001,0.00639,0.00001,0.00001,0.02843,0.00001,0.000016,0.031397,0.00001,0.047562,0.065753,0.018956,0.00001,0.00001,0.003486,0.00001,0.00001,0.027444
8752,I6945,Asia,South Asia,9931,9K-10K,"682-878 calCE (1240¡À20 BP, PSUAMS-5442)",1178,30.24720461,79.73739624,0.01016,0.00001,0.00001,0.022388,0.010785,0.099648,0.00001,0.000011,0.00001,0.00001,0.00001,0.00001,0.000015,0.043037,0.00001,0.00001,0.00001,0.00001,0.00001,0.010624,0.209001,0.00001,0.00001,0.569013,0.00001,0.00001,0.025064,0.00001,0.00001,0.00001,0.000014,0.00001,0.00001,0.00001
11950,I4468_published,Africa,East Africa,9972,9K-10K,"4230-3979 calBCE (5290¡À25 BP, UCIAMS-186347)",6039,-10.786153,33.765371,0.00001,0.005545,0.035549,0.000015,0.234901,0.012021,0.00001,0.000015,0.423011,0.014561,0.00001,0.00001,0.00001,0.006757,0.001134,0.00001,0.012264,0.001589,0.00001,0.072839,0.015337,0.001524,0.019296,0.009346,0.00001,0.000012,0.00001,0.000011,0.00207,0.00001,0.007641,0.032497,0.00001,0.00001
11639,AITI_77A_d,Europe,West Europe,9995,9K-10K,"2016-1767 calBCE (3548¡À34 BP, MAMS-21584)",3828,48.22281,10.84499,0.00001,0.00001,0.00001,0.00001,0.00001,0.052503,0.068126,0.060717,0.00001,0.00001,0.192877,0.083308,0.20228,0.00001,0.00401,0.027303,0.00001,0.005488,0.002521,0.00001,0.00001,0.00001,0.049234,0.00268,0.00001,0.116539,0.046461,0.00001,0.00001,0.079979,0.00001,0.005774,0.00001,0.00001
12300,TIT012,Asia,West Asia,9999,9K-10K,2200-2100 BCE,4100,37.4759306,38.6783333,0.00001,0.010418,0.00001,0.012441,0.006434,0.00001,0.00001,0.00001,0.00001,0.00001,0.248043,0.00001,0.037751,0.013496,0.00001,0.00001,0.000818,0.00001,0.00001,0.00001,0.00001,0.00001,0.366155,0.100959,0.00001,0.048928,0.00001,0.148667,0.00001,0.00001,0.00001,0.00001,0.00001,0.00001
